NAMES,HABITAT,NO .OF THREATS,POPULATION TREND,CATEGORY STATUS,CATEGORY,GENERATION LENGTH
Somatochlora exuberata ssp. exuberata,Forest,2,Stable,lc, INSECTA,2
Taita Blue-banded Papilio,Forest,4,Decreasing,en, INSECTA,
Buchholz' Cordulegaster,Wetlands (inland),3,Decreasing,en, INSECTA,
Greek Goldenring,Wetlands (inland),4,Decreasing,en, INSECTA,2
Delphi Cordulegaster,Wetlands (inland),2,Decreasing,cr, INSECTA,2
Migratory Monarch Butterfly,Forest,6,Decreasing,vu, INSECTA,0.5
Black-lined Damselfly,Wetlands (inland),1,Decreasing,en, INSECTA,
Western Chimpanzee,Forest,8,Decreasing,cr, MAMMALIA,23
Eastern Chimpanzee,Forest,10,Decreasing,en, MAMMALIA,25
Central Chimpanzee,Forest,7,Decreasing,en, MAMMALIA,24.6
Nigeria-Cameroon Chimpanzee,Forest,5,Decreasing,en, MAMMALIA,25
Northwest Bornean Orangutan,Forest,6,Decreasing,cr, MAMMALIA,25
Southwest Bornean Orangutan,Forest,6,Decreasing,cr, MAMMALIA,25
Northeast Bornean Orangutan,Forest,6,Decreasing,cr, MAMMALIA,25
Grauer's Gorilla,Forest,9,Decreasing,cr, MAMMALIA,20
Mountain Gorilla,Forest,11,Increasing,en, MAMMALIA,20
Eastern Patas Monkey,Forest,2,Decreasing,vu, MAMMALIA,9.7
Cross River Gorilla,Forest,5,Decreasing,cr, MAMMALIA,22
Ladoga Seal,Wetlands (inland),6,Increasing,vu, MAMMALIA,
Western Lowland Gorilla,Forest,7,Decreasing,cr, MAMMALIA,22
Arabian Leopard,Forest,7,Decreasing,cr, MAMMALIA,7.42
Malayan Pale-thighed Langur,Forest,1,Decreasing,nt, MAMMALIA,10
Western Tent Tortoise,Shrubland,5,Decreasing,en, REPTILIA,27.5
Budgett's Tantalus,Forest,2,Stable,lc, MAMMALIA,
Tantalus Monkey,,2,Stable,lc, MAMMALIA,
Saimaa Seal,Wetlands (inland),8,Increasing,en, MAMMALIA,
Hilgert's Vervet Monkey,Forest,2,Decreasing,lc, MAMMALIA,
Exuma Rock Iguana,Shrubland,5,Decreasing,cr, REPTILIA,
Bontebok,Shrubland,3,Stable,vu, MAMMALIA,
Blesbok,Grassland,2,Increasing,lc, MAMMALIA,
Manyara Monkey,Forest,2,Decreasing,en, MAMMALIA,
Reddish-Green Vervet Monkey,Forest,2,Decreasing,lc, MAMMALIA,
Golden Monkey,Forest,3,Decreasing,en, MAMMALIA,13.4
Balkan Lynx,Forest,5,Stable,cr, MAMMALIA,4
Bay Colobus,Forest,5,Decreasing,en, MAMMALIA,10
Tanzania Sykes’ Monkey,Forest,3,Decreasing,lc, MAMMALIA,
Andros Rock Iguana,Forest,7,Decreasing,en, REPTILIA,
Defassa Waterbuck,Forest,1,Decreasing,nt, MAMMALIA,7.1
Kolb's White-collared Monkey,Forest,3,Decreasing,lc, MAMMALIA,
Stuhlmann’s Blue Monkey,Forest,3,Decreasing,lc, MAMMALIA,
Seychelles Black Mud Turtle,Wetlands (inland),4,Decreasing,cr, REPTILIA,
Rothschild’s Giraffe,Forest,3,Increasing,nt, MAMMALIA,
Common Waterbuck,Forest,1,Decreasing,lc, MAMMALIA,7.1
Kikuyu Small-eared Galago,Forest,2,Decreasing,lc, MAMMALIA,
Zanzibar Small-eared Galago,Forest,3,Decreasing,vu, MAMMALIA,
Doggett’s Blue Monkey,Forest,3,Decreasing,lc, MAMMALIA,
South-western Black Rhino,Savanna,0,Increasing,nt, MAMMALIA,14.96
Senegal Lesser Galago,Forest,1,Decreasing,lc, MAMMALIA,
Kenya Lesser Galago,Forest,0,Decreasing,lc, MAMMALIA,
White-tailed Small-eared Galago,Forest,0,Decreasing,lc, MAMMALIA,
Creamy-tailed Dusky Langur,Forest,3,Decreasing,vu, MAMMALIA,12
Spectacled Langur,Forest,4,Decreasing,vu, MAMMALIA,12
Zanzibar Sykes’ Monkey,Forest,2,Decreasing,lc, MAMMALIA,
Uganda Lesser Galago,Forest,0,Decreasing,lc, MAMMALIA,
Yangtze Finless Porpoise,Wetlands (inland),8,Decreasing,cr, MAMMALIA,16.5
Florida Manatee,,0,Stable,en, MAMMALIA,
Pousargues's Monkey,Forest,2,Decreasing,lc, MAMMALIA,
Temminck’s Red Colobus,Forest,3,Decreasing,en, MAMMALIA,10
Seychelles Yellow-bellied Mud Turtle,Wetlands (inland),4,Decreasing,cr, REPTILIA,
Northern Black Crested Mangabey,Forest,6,Decreasing,vu, MAMMALIA,10
Cuban Rock Iguana,Forest,7,Decreasing,vu, REPTILIA,13.5
Black And White Ruffed Lemur,Forest,4,Decreasing,cr, MAMMALIA,6.5
Miombo Silver Galago,Forest,1,Decreasing,lc, MAMMALIA,
Sister Isles Rock Iguana,Forest,3,Decreasing,cr, REPTILIA,
Przewalski's Horse,Grassland,5,Increasing,en, MAMMALIA,
Rwenzori Black-and-white Colobus,Forest,2,Decreasing,dd, MAMMALIA,10.5
Cyclura rileyi ssp. rileyi,,1,Decreasing,cr, REPTILIA,
Mt. Kenya Guereza,Forest,2,Decreasing,lc, MAMMALIA,
Peter's Angolan Colobus,Forest,6,Decreasing,vu, MAMMALIA,12
Saimiri oerstedii ssp. citrinellus,Forest,2,Decreasing,en, MAMMALIA,
Cape Fur Seal,Marine Neritic,4,Increasing,lc, MAMMALIA,9.1
Western Guereza,Forest,6,Decreasing,lc, MAMMALIA,9.5
Common Long-tailed Macaque,Forest,8,Decreasing,en, MAMMALIA,13.9
Himalayan Wolf,Grassland,2,Decreasing,vu, MAMMALIA,4.5
Lahille’s Bottlenose Dolphin,Wetlands (inland),6,Decreasing,vu, MAMMALIA,
Calicnemis obesa ssp. sardiniensis,Marine Coastal/Supratidal,2,Decreasing,en, INSECTA,
Agrionoptera insignis ssp. yapensis,Wetlands (inland),0,Stable,lc, INSECTA,
Agrionoptera sanguinolenta ssp. sanguinolenta,Shrubland,1,Stable,lc, INSECTA,
Agrionoptera sanguinolenta ssp. pusilla,Grassland,1,Stable,nt, INSECTA,
Agrionoptera insignis ssp. allogenes,Wetlands (inland),0,Stable,lc, INSECTA,
Rhyothemis regia ssp. chalcoptilon,Wetlands (inland),0,Stable,lc, INSECTA,
Zygonyx iris ssp. ceylonicus,Forest,5,Decreasing,nt, INSECTA,
Adversaeschna brevistyla ssp. brevistyla,Wetlands (inland),0,Stable,lc, INSECTA,
Adversaeschna brevistyla ssp. caledonica,Wetlands (inland),1,Stable,lc, INSECTA,
Lathrecista asiatica ssp. festa,Forest,0,Stable,lc, INSECTA,
Lathrecista asiatica ssp. asiatica,Forest,0,Stable,lc, INSECTA,
Neurothemis stigmatizans ssp. bramina,,0,Stable,lc, INSECTA,
Keiser’s Forktail,Wetlands (inland),6,Decreasing,cr, INSECTA,
Rhinocypha tincta ssp. semitincta,Wetlands (inland),0,Stable,lc, INSECTA,
Somatochlora exuberata ssp. japonica,,2,Stable,lc, INSECTA,
Sinuate Clubtail,Forest,5,Decreasing,vu, INSECTA,
Orthetrum villosovittatum ssp. bismarckianum,Wetlands (inland),0,Stable,lc, INSECTA,
Maluti Amakoza Rocksitter,Grassland,4,Stable,lc, INSECTA,1
Forest Shadow-emerald,Forest,5,Decreasing,vu, INSECTA,
Forest Beauty,Forest,0,Stable,lc, INSECTA,
Melanesobasis corniculata ssp. marginata,Wetlands (inland),0,Stable,lc, INSECTA,
Rhyothemis phyllis ssp. marginata,Wetlands (inland),0,Stable,lc, INSECTA,
Rhyothemis phyllis ssp. vitellina,Unknown,0,Stable,lc, INSECTA,
Tramea transmarina ssp. transmarina,Grassland,0,Stable,lc, INSECTA,
Tramea transmarina ssp. intersecta,Wetlands (inland),0,Stable,lc, INSECTA,
Melanesobasis corniculata ssp. corniculata,Wetlands (inland),0,Stable,lc, INSECTA,
Rhyothemis phyllis ssp. apicalis,Wetlands (inland),0,Stable,lc, INSECTA,
Rhyothemis phyllis ssp. dispar,Wetlands (inland),0,Stable,lc, INSECTA,
Clark's Rocksitter,Shrubland,0,Stable,lc, INSECTA,
Silver Arrowhead,Shrubland,0,Stable,lc, INSECTA,
Long Tom Bronze Speckled Widow,Grassland,0,Stable,lc, INSECTA,
Platycnemis pennipes ssp. nitidula,Unknown,1,Stable,lc, INSECTA,
Hanwella Sprite,Forest,6,Decreasing,cr, INSECTA,
Eastern Lilac Tip,Savanna,0,Stable,lc, INSECTA,0.167
Pyramus Opal,Shrubland,0,Stable,lc, INSECTA,0.5415
Hyperion Opal,Shrubland,0,Stable,lc, INSECTA,1
Spring Widow,Shrubland,0,Stable,lc, INSECTA,
Western King Copper,Shrubland,0,Stable,lc, INSECTA,
Cedarberg Silver Arrowhead,Shrubland,0,Stable,lc, INSECTA,1
Trimen's Brown,Shrubland,0,Stable,lc, INSECTA,
Black Border Opal,Shrubland,0,Stable,lc, INSECTA,0.5
Southern Angular Opal,Shrubland,3,Decreasing,en, INSECTA,0.5
Ball's Opal,Shrubland,0,Stable,lc, INSECTA,0.5
Highland Namaqua Arrowhead,Rocky areas (eg. inland cliffs,0,Stable,lc, INSECTA,
Pseudagrion microcephalum ssp. microcephalum,Wetlands (inland),0,Stable,lc, INSECTA,
Nigrohamatum Damselfly,Forest,1,Stable,lc, INSECTA,
Emperor Swallowtail,Forest,2,Stable,lc, INSECTA,0.167
Serene Sailor,Forest,0,Stable,lc, INSECTA,
Emperor Swallowtail,Forest,1,Stable,lc, INSECTA,0.25
Emperor Swallowtail,Forest,2,Stable,lc, INSECTA,0.167
Eastern Adonis Opal,Shrubland,1,Stable,lc, INSECTA,1
Pele Damselfly,Forest,0,Stable,lc, INSECTA,
Maseru Toothed Russet,Grassland,0,Stable,lc, INSECTA,0.33
Juanita's Hairtail,Savanna,0,Stable,lc, INSECTA,0.166666667
Kammanassie Giant Copper,Shrubland,0,Stable,lc, INSECTA,1
Isophya longicaudata ssp. longicaudata,Shrubland,1,Decreasing,en, INSECTA,0.9
Caridina babaultioides ssp. babaultioides,Wetlands (inland),0,Stable,lc, MALACOSTRACA,
Neocaridina palmata ssp. palmata,Wetlands (inland),0,Stable,lc, MALACOSTRACA,
Neocaridina denticulata ssp. denticulata,Wetlands (inland),0,Stable,lc, MALACOSTRACA,
Dark Silver-Spotted Copper,Shrubland,0,Stable,lc, INSECTA,1
Scarce Mountain Copper,Shrubland,3,Stable,lc, INSECTA,1
Drawida koreana ssp. koreana,Forest,0,Stable,dd, CLITELLATA,
Orange Wisp,Wetlands (inland),2,Increasing,en, INSECTA,2.5
Philippine Tarsier,Forest,3,Decreasing,nt, MAMMALIA,7.5
Bohol Tarsier,Forest,3,Decreasing,nt, MAMMALIA,7.5
Mindanao Tarsier,Forest,3,Decreasing,nt, MAMMALIA,7.5
Thaeler's Pocket Gopher,Forest,0,Stable,lc, MAMMALIA,
Nicaraguan Pocket Gopher,Forest,0,Increasing,lc, MAMMALIA,
Duplodicodrilus schmardae ssp. schmardae,Artificial/Terrestrial,0,Stable,lc, CLITELLATA,
Nycticebus menagensis ssp. natunae,Forest,3,Decreasing,en, MAMMALIA,7.5
Orconectes hathawayi ssp. hathawayi,Wetlands (inland),0,Stable,lc, MALACOSTRACA,
Oreochromis upembae ssp. malagarasi,Wetlands (inland),2,Decreasing,lc, ACTINOPTERYGII,
Anauchen informis ssp. informis,Shrubland,4,Decreasing,vu, GASTROPODA,
Anauchen informis ssp. parcedentata,,4,Decreasing,vu, GASTROPODA,
Gabbiella humerosa ssp. humerosa,Wetlands (inland),1,Increasing,lc, GASTROPODA,
Eastern Potto,Forest,1,Decreasing,lc, MAMMALIA,
Lachesis muta ssp. rhombeata,Forest,3,Decreasing,vu, REPTILIA,
Theliderma cylindrica ssp. strigillata,Wetlands (inland),1,Decreasing,en, BIVALVIA,
Baja California Rock Squirrel,Shrubland,1,Decreasing,en, MAMMALIA,
Mount Kenya Potto,Forest,3,Decreasing,cr, MAMMALIA,
Bornean Tarsier,Forest,4,Decreasing,vu, MAMMALIA,7.5
Tioman Island Slow Loris,Forest,3,Decreasing,en, MAMMALIA,7.5
Atlantic Leatherjacket,Marine Neritic,0,Stable,lc, ACTINOPTERYGII,
Northern Gelada,Grassland,4,Decreasing,vu, MAMMALIA,
Tricolour Langur,Forest,1,Decreasing,cr, MAMMALIA,11
Natuna Islands Tarsier,Artificial/Terrestrial,2,Decreasing,cr, MAMMALIA,7.5
Belitung Island Tarsier,Artificial/Terrestrial,1,Decreasing,en, MAMMALIA,7.5
Central Yellow Baboon,Forest,0,Stable,lc, MAMMALIA,
Northern Yellow Baboon,Forest,0,Stable,lc, MAMMALIA,
Mainland Drill,Forest,5,Decreasing,en, MAMMALIA,
Horsfield's Tarsier,Forest,4,Decreasing,vu, MAMMALIA,6
Pappogeomys bulleri ssp. alcorni,Forest,2,Decreasing,cr, MAMMALIA,
Bioko Drill,Forest,4,Decreasing,en, MAMMALIA,10
Japanese Macaque,Forest,0,Stable,lc, MAMMALIA,12.5
Yakushima Macaque,Forest,2,Stable,lc, MAMMALIA,12.5
Bornean Banded Langur,Forest,2,Decreasing,cr, MAMMALIA,11
Benin Potto,Forest,3,Decreasing,en, MAMMALIA,9
Pila ovata ssp. gordoni,Wetlands (inland),2,Decreasing,nt, GASTROPODA,2.5
Weddell’s Saddle-back Tamarin,Forest,0,Decreasing,lc, MAMMALIA,
Hubei Golden Snub-nosed Monkey,Forest,2,Increasing,vu, MAMMALIA,13
Quinling Golden Snub-nosed Monkey,Forest,1,Increasing,nt, MAMMALIA,13
Moupin Golden Snub-nosed Monkey,Forest,5,Decreasing,en, MAMMALIA,13
Matschie’s Grivet Monkey,Forest,5,Decreasing,dd, MAMMALIA,
Common Grivet Monkey,Savanna,5,Decreasing,lc, MAMMALIA,
White Saddleback Tamarin,Forest,0,Decreasing,lc, MAMMALIA,
Dalquest's Pocket Mouse,Desert,1,Decreasing,vu, MAMMALIA,
Sumatran Elephant,Forest,2,Decreasing,cr, MAMMALIA,
Gulf Sturgeon,Wetlands (inland),7,Decreasing,en, ACTINOPTERYGII,43.4
Deccan Hanuman Langur,Forest,0,Decreasing,nt, MAMMALIA,10.21
Madras Gray Langur,Forest,4,Decreasing,nt, MAMMALIA,12
Pale-bellied Bonnet Macaque,Forest,3,Decreasing,vu, MAMMALIA,12.5
Dark-bellied Bonnet Macaque,Forest,3,Decreasing,vu, MAMMALIA,12.5
Atlantic Sturgeon,Wetlands (inland),0,Increasing,vu, ACTINOPTERYGII,55.4
Pacific Abalone,Marine Neritic,5,Decreasing,en, GASTROPODA,14
Disk Abalone,Marine Neritic,4,Decreasing,en, GASTROPODA,14
Sri Lankan Leopard,Forest,9,Decreasing,vu, MAMMALIA,7.42
Chasen’s Pale-thighed Langur,Forest,1,Decreasing,en, MAMMALIA,10
Trachypithecus phayrei ssp. phayrei,Forest,2,Decreasing,en, MAMMALIA,12
Sonoyta Mud Turtle,Wetlands (inland),6,Decreasing,cr, REPTILIA,12
Uva Red Slender Loris,Forest,2,Decreasing,dd, MAMMALIA,7.5
Southern Gelada,Grassland,3,Decreasing,lc, MAMMALIA,
Bintan Island Pale-thighed Langur,Forest,2,Decreasing,en, MAMMALIA,10
Indochinese Leopard,Forest,1,Decreasing,cr, MAMMALIA,7.4
Palau Flying Fox,Forest,4,Stable,nt, MAMMALIA,
Javan Leopard,Forest,10,Decreasing,en, MAMMALIA,7.8
Highland Toque Macaque,Forest,0,Decreasing,cr, MAMMALIA,12.5
Bosman's Potto,Forest,2,Decreasing,nt, MAMMALIA,9
Epioblasma florentina ssp. curtisi,Wetlands (inland),0,Decreasing,cr, BIVALVIA,
Baltic Ringed Seal,Marine Neritic,7,Increasing,lc, MAMMALIA,18.6
Tioman Island Slow Loris,Forest,3,Decreasing,en, MAMMALIA,8
Jebbel Marra Tantalus,Forest,2,Decreasing,vu, MAMMALIA,
Kangaroo Island Dunnart,Shrubland,3,Decreasing,cr, MAMMALIA,
Graell’s Black-mantle Tamarin,Forest,1,Decreasing,nt, MAMMALIA,6
Presbytis rubicunda ssp. rubida,Forest,2,Decreasing,vu, MAMMALIA,14
Shan States Langur,Forest,2,Decreasing,en, MAMMALIA,12
Grey Slender Loris,Forest,6,Decreasing,en, MAMMALIA,7.5
Pemba Vervet Monkey,Forest,2,Decreasing,vu, MAMMALIA,
Malabar Grey Slender Loris,Forest,2,Decreasing,nt, MAMMALIA,7.5
Mysore Grey Slender Loris,Forest,0,Decreasing,nt, MAMMALIA,7.5
Hernández-camacho’s Black Mantle Tamarin,Forest,0,Decreasing,lc, MAMMALIA,6
Siberut Island Pig-tailed Snub-nosed Monkey,Forest,2,Decreasing,cr, MAMMALIA,11
Pig-tailed Snub-nosed Monkey,Forest,2,Decreasing,cr, MAMMALIA,11
Lyon’s Pale-thighed Langur,Forest,3,Decreasing,vu, MAMMALIA,10
Nubian Giraffe,Forest,3,Decreasing,cr, MAMMALIA,10
Demidoff's Dwarf Galago,Forest,3,Stable,lc, MAMMALIA,
Reticulated Giraffe,Forest,2,Decreasing,en, MAMMALIA,10
Kordofan Giraffe,Savanna,4,Decreasing,cr, MAMMALIA,10
Masai Giraffe,Forest,2,Decreasing,en, MAMMALIA,10
Indian Leopard,Forest,6,Decreasing,nt, MAMMALIA,
Moloney's Monkey,Forest,3,Decreasing,lc, MAMMALIA,
West African Giraffe,Savanna,4,Increasing,vu, MAMMALIA,
Western Klipspringer,Rocky areas (eg. inland cliffs,1,Decreasing,en, MAMMALIA,5.4
Haggard's Oribi,Savanna,3,Decreasing,vu, MAMMALIA,3.9
Plains Langur,Forest,1,Stable,lc, MAMMALIA,11
Assam Macaque,Forest,3,Decreasing,nt, MAMMALIA,11
Assam Macaque,Forest,3,Decreasing,nt, MAMMALIA,11
Dry Zone Toque Macaque,Forest,5,Decreasing,en, MAMMALIA,11.5
Boutourlini’s Blue Monkey,Forest,3,Decreasing,vu, MAMMALIA,13
Mishmi Hills Hoolock Gibbon,Forest,2,Decreasing,en, MAMMALIA,15
Western Patas Monkey,Forest,3,Decreasing,nt, MAMMALIA,9.6
Omo Vervet Monkey,Savanna,3,Decreasing,dd, MAMMALIA,
Swayne's Hartebeest,Savanna,2,Decreasing,en, MAMMALIA,7.5
Sumatran Clouded Leopard,,0,Decreasing,en, MAMMALIA,
Bornean Clouded Leopard,,0,Decreasing,en, MAMMALIA,
Tora Hartebeest,Savanna,2,Decreasing,cr, MAMMALIA,7.5
Lelwel Hartebeest,Forest,3,Decreasing,en, MAMMALIA,7.5
Western Hartebeest,Forest,3,Decreasing,vu, MAMMALIA,7.5
Ochraceous Bare-face Tamarin,Forest,2,Decreasing,nt, MAMMALIA,6.8
Miller’s Maroon Langur,Forest,1,Decreasing,en, MAMMALIA,13
Thornicroft's Giraffe,Forest,0,Stable,vu, MAMMALIA,
Martin’s Bare-face Tamarin,Forest,2,Decreasing,nt, MAMMALIA,6.8
Leontocebus fuscicollis ssp. mura,Forest,2,Decreasing,nt, MAMMALIA,
Angolan Giraffe,Forest,4,Increasing,lc, MAMMALIA,
Djam-djam Monkey,Forest,3,Decreasing,en, MAMMALIA,
Bale Mountains monkey,Forest,3,Decreasing,en, MAMMALIA,
Stairs' White-collared Monkey,Forest,3,Decreasing,lc, MAMMALIA,
Eastern Black Rhino,Savanna,3,Increasing,cr, MAMMALIA,17.5
Coke's Hartebeest,Forest,4,Decreasing,lc, MAMMALIA,7.5
Malaysian Lar,Forest,3,Decreasing,en, MAMMALIA,15
Carpenter’s Lar,Forest,3,Decreasing,en, MAMMALIA,15
Sumatran Lar,Forest,3,Decreasing,en, MAMMALIA,15
Central Lar,Forest,1,Decreasing,vu, MAMMALIA,15
White-handed Gibbon,Forest,1,Decreasing,dd, MAMMALIA,
Nanger granti ssp. granti,Savanna,2,Decreasing,lc, MAMMALIA,4.9
Margarita Capuchin,Forest,3,Decreasing,cr, MAMMALIA,5
Black-chinned Vervet Monkey,Forest,2,Decreasing,lc, MAMMALIA,
Guianan Brown Capuchin,Forest,0,Stable,lc, MAMMALIA,15
Lichtenstein's Hartebeest,Forest,3,Stable,lc, MAMMALIA,7.5
Korrigum,Savanna,4,Decreasing,en, MAMMALIA,6.1
Damaliscus lunatus ssp. lunatus,Savanna,4,Increasing,lc, MAMMALIA,6.1
Topi,Savanna,0,Decreasing,vu, MAMMALIA,6.1
Damaliscus lunatus ssp. tiang,Shrubland,3,Stable,lc, MAMMALIA,6.1
Mountain Bongo,Forest,2,Decreasing,cr, MAMMALIA,8
Lowland Bongo,Forest,2,Decreasing,nt, MAMMALIA,8
Red Langur,Forest,2,Decreasing,vu, MAMMALIA,14
Pangani Small-eared Galago,Forest,2,Decreasing,lc, MAMMALIA,
Northern Grey Slender Loris,Forest,5,Decreasing,en, MAMMALIA,7.5
Bioko Dwarf Galago,Forest,2,Decreasing,en, MAMMALIA,
Zanzibar Galago,Forest,4,Decreasing,en, MAMMALIA,
Bolivian Squirrel Monkey,Forest,1,Decreasing,lc, MAMMALIA,
Red Hartebeest,Savanna,3,Increasing,lc, MAMMALIA,7.5
Coastal Topi,Shrubland,4,Decreasing,en, MAMMALIA,6.1
Western Mountain Reedbuck,Shrubland,2,Decreasing,en, MAMMALIA,5
Southern Mountain Reedbuck,Shrubland,3,Decreasing,en, MAMMALIA,5
Bangweulu Tsessebe,Shrubland,0,Increasing,vu, MAMMALIA,6.1
Ethiopia Lesser Galago,Forest,0,Decreasing,lc, MAMMALIA,
Southern Purple-faced Langur,Forest,3,Decreasing,en, MAMMALIA,12
Northern Purple-faced Langur,Forest,3,Decreasing,en, MAMMALIA,12
Bright's Gazelle,Savanna,2,Decreasing,lc, MAMMALIA,4.9
Samango Monkey,Forest,5,Decreasing,vu, MAMMALIA,13
Black-footed Gray Langur,Forest,1,Decreasing,nt, MAMMALIA,11
Lomami River Blue Monkey,Forest,3,Decreasing,nt, MAMMALIA,13
Fringe-eared Oryx,Savanna,3,Decreasing,vu, MAMMALIA,6.1
Saguinus mystax ssp. pileatus,Forest,0,Stable,lc, MAMMALIA,7.4
White-rump Moustached Tamarin,Forest,0,Stable,lc, MAMMALIA,7.4
Bioko Black Colobus,Forest,0,Decreasing,cr, MAMMALIA,10
Rump-spotted Blue Monkey,Forest,0,Decreasing,lc, MAMMALIA,
Orange-naped Red Langur,Forest,2,Decreasing,vu, MAMMALIA,13
Tonkin Black Crested Gibbon,Forest,0,Decreasing,cr, MAMMALIA,15
Lao Black Crested Gibbon,Forest,3,Decreasing,cr, MAMMALIA,15
Dwarf Blue Sheep,Forest,2,Decreasing,en, MAMMALIA,7
Bioko Squirrel Galago,Forest,2,Decreasing,en, MAMMALIA,4
Northwestern Red Slender Loris,Forest,3,Decreasing,cr, MAMMALIA,7.5
Black-chinned Emperor Tamarin,Forest,2,Decreasing,lc, MAMMALIA,
Colombian Squirrel Monkey,Forest,4,Decreasing,vu, MAMMALIA,9
Kobus kob ssp. kob,Savanna,6,Decreasing,vu, MAMMALIA,4.5
Chanler's Mountain Reedbuck,Shrubland,3,Decreasing,vu, MAMMALIA,5
Fire-bellied Wolf’s Monkey,Forest,2,Decreasing,vu, MAMMALIA,11
Red-tailed Moustached Monkey,Forest,0,Decreasing,nt, MAMMALIA,12
Grey-tailed Moustached Monkey,Forest,7,Decreasing,nt, MAMMALIA,12
Western Purple Faced Langur,Forest,3,Decreasing,cr, MAMMALIA,12
Gilbert’s Lesser Bamboo Lemur,Forest,1,Decreasing,dd, MAMMALIA,
North Pacific Harbor Seal,Marine Neritic,3,Increasing,lc, MAMMALIA,14.8
Peter's Gazelle,Grassland,2,Decreasing,en, MAMMALIA,4.9
Lomami River Wolf’s Monkey,Forest,2,Decreasing,vu, MAMMALIA,11
Blond-bellied Langur,Forest,4,Decreasing,en, MAMMALIA,
Kobus leche ssp. leche,Forest,2,Decreasing,nt, MAMMALIA,6.4
Kafue Lechwe,Grassland,4,Decreasing,en, MAMMALIA,6.4
Black Lechwe,Grassland,3,Increasing,vu, MAMMALIA,6.4
Upemba Lechwe,Grassland,1,Decreasing,cr, MAMMALIA,
Mantled Howler Monkey,Forest,2,Decreasing,en, MAMMALIA,9.79
Udzungwa Dwarf Galago,Forest,0,Decreasing,nt, MAMMALIA,
Southern Black-horned Capuchin,Forest,0,Decreasing,nt, MAMMALIA,16
Cross River Squirrel Galago,Forest,2,Decreasing,nt, MAMMALIA,4
Johnston's Mangabey,Forest,3,Decreasing,nt, MAMMALIA,13
Ugandan Crested Mangabey,Forest,0,Decreasing,vu, MAMMALIA,12.8
Northeastern Africa Cheetah,Savanna,0,Decreasing,en, MAMMALIA,4.9
Caribbean Manatee,Wetlands (inland),0,Decreasing,en, MAMMALIA,
Beisa Oryx,Savanna,3,Decreasing,en, MAMMALIA,6.1
White-nosed Moustached Monkey,Forest,6,Decreasing,en, MAMMALIA,12
Dusky Toque Macaque,Forest,3,Decreasing,en, MAMMALIA,12.5
Silvery Lutung,Forest,3,Decreasing,vu, MAMMALIA,12
Silvery Lutung,Forest,2,Decreasing,cr, MAMMALIA,12
Tarutao Island Dusky Langur,Forest,3,Decreasing,en, MAMMALIA,12
Capped Langur,Forest,2,Decreasing,en, MAMMALIA,12
Southern Ruffed Lemur,Forest,4,Decreasing,cr, MAMMALIA,6.5
Ranomafana Bamboo Lemur,Forest,2,Decreasing,vu, MAMMALIA,9
Māui Dolphin,Marine Neritic,0,Decreasing,cr, MAMMALIA,13.5
Bearded Emperor Tamarin,Forest,1,Stable,lc, MAMMALIA,
Ogilby's Duiker,Forest,1,Decreasing,vu, MAMMALIA,4.6
Common Impala,Savanna,2,Stable,lc, MAMMALIA,5.7
Bolivian Night Monkey,Forest,4,Decreasing,dd, MAMMALIA,8.3
White-belted Ruffed Lemur,Forest,4,Decreasing,cr, MAMMALIA,6.5
Northern black-horned capuchin,Forest,2,Decreasing,nt, MAMMALIA,16
Gray’s Red-bellied Tamarin,Forest,0,Stable,lc, MAMMALIA,
Western Hoolock Gibbon,Forest,0,Decreasing,vu, MAMMALIA,15
Eastern Giant Eland,Forest,5,Decreasing,vu, MAMMALIA,8
Cameroon Preuss’s Monkey,Forest,2,Decreasing,en, MAMMALIA,10
Ávila Pires’ Saddle-back Tamarin,Forest,1,Stable,lc, MAMMALIA,6
Thomas’ Red-bellied Tamarin,Forest,0,Stable,lc, MAMMALIA,
Colombian Woolly Monkey,Forest,3,Decreasing,cr, MAMMALIA,15
White-legged Duiker,Forest,1,Decreasing,nt, MAMMALIA,
Highland Slender Loris,Forest,3,Decreasing,cr, MAMMALIA,7.5
Southwestern Red Slender Loris,Forest,4,Decreasing,en, MAMMALIA,7.5
Osman-Hill’s Grey-cheeked Mangabey,Forest,2,Decreasing,dd, MAMMALIA,10
Rwenzori Red Duiker,Forest,1,Decreasing,en, MAMMALIA,4.6
Antarctic Blue Whale,Marine Oceanic,1,Increasing,cr, MAMMALIA,30.8
Brooke's Duiker,Forest,2,Decreasing,vu, MAMMALIA,4.6
Cape Mountain Zebra,Grassland,3,Increasing,lc, MAMMALIA,11
Gabon Black Colobus,Forest,3,Decreasing,vu, MAMMALIA,10
Gray’s Crowned Monkey,Forest,3,Decreasing,nt, MAMMALIA,11
Katanga Red-tailed Monkey,Forest,2,Decreasing,lc, MAMMALIA,
Tenebrous Capped Langur,Forest,4,Decreasing,en, MAMMALIA,12
Gray-cheeked Mangabey,Forest,0,Decreasing,vu, MAMMALIA,10
Grey Lesser Bamboo Lemur,Forest,2,Decreasing,vu, MAMMALIA,9
Spix’s Moustached Tamarin,Forest,0,Stable,lc, MAMMALIA,7.4
South-eastern Black Rhino,Savanna,0,Stable,cr, MAMMALIA,17.5
Schmidt's Red-tailed Monkey,Forest,5,Decreasing,lc, MAMMALIA,
Peninsular Pronghorn,Shrubland,2,Increasing,en, MAMMALIA,
Somalia White-collared Monkey,Forest,3,Decreasing,cr, MAMMALIA,13
Spix’s Saddle-back Tamarin,Forest,0,Stable,lc, MAMMALIA,
Hartmann's Mountain Zebra,Savanna,3,Increasing,vu, MAMMALIA,
Golden Mantled Howler Monkey,Forest,4,Decreasing,en, MAMMALIA,
Ornate Spider Monkey,Forest,3,Decreasing,vu, MAMMALIA,15
Black-nosed Red-tailed Monkey,Forest,0,Decreasing,dd, MAMMALIA,
Black-cheeked Red-tailed Monkey,Forest,2,Stable,lc, MAMMALIA,
Nigeria Needle-clawed Galago,Forest,2,Decreasing,nt, MAMMALIA,5
Highland Purple-faced Langur,Forest,4,Decreasing,en, MAMMALIA,12
Western Steller Sea Lion,Marine Neritic,5,Increasing,en, MAMMALIA,
Congo Basin Wolf’s Monkey,Forest,2,Decreasing,nt, MAMMALIA,
Colombian White-throated Capuchin,Forest,3,Decreasing,en, MAMMALIA,18
Geoffroy's Red-bellied Tamarin,Forest,0,Stable,lc, MAMMALIA,
Southern Black Crested Mangabey,Forest,6,Decreasing,vu, MAMMALIA,10
Geoffroy's Woolly Monkey,Forest,6,Decreasing,en, MAMMALIA,15
Western Giant Eland,Forest,3,Decreasing,cr, MAMMALIA,8
Azara’s Night Monkey,Forest,4,Decreasing,dd, MAMMALIA,8.3
Cordier’s Angolan Colobus,Forest,3,Decreasing,vu, MAMMALIA,10.5
Powell-Cotton's Angolan Colobus,Forest,3,Decreasing,vu, MAMMALIA,10.5
Sclater’s Angolan Colobus,Forest,2,Decreasing,vu, MAMMALIA,10.5
Bioko Needle-clawed Galago,Forest,2,Decreasing,en, MAMMALIA,5
Bioko Preuss’s Monkey,Forest,3,Decreasing,en, MAMMALIA,10
Sharpe's Angola Colobus,Forest,2,Decreasing,vu, MAMMALIA,10.5
Brown-headed Spider Monkey,Forest,1,Decreasing,cr, MAMMALIA,15
Colombian Black Spider Monkey,Forest,1,Decreasing,vu, MAMMALIA,15
Red Bald-headed Uakari,Forest,1,Decreasing,lc, MAMMALIA,
Azuero Spider Monkey,Forest,7,Decreasing,cr, MAMMALIA,15
Novaes' Bald-headed Uacari,Forest,2,Decreasing,vu, MAMMALIA,10
Feline Night Monkey,Forest,3,Decreasing,lc, MAMMALIA,8.3
Giant Sable,Forest,1,Decreasing,cr, MAMMALIA,7.1
Azuero Howler Monkey,Forest,2,Decreasing,en, MAMMALIA,9.79
Nicaraguan Spider Monkey,Forest,1,Decreasing,cr, MAMMALIA,15
Sri Lankan Grey Langur,Forest,3,Decreasing,vu, MAMMALIA,12
Eastern Lesser Spot-nosed Monkey,Forest,4,Decreasing,nt, MAMMALIA,10.6
Western Lesser Spot-nosed Monkey,Forest,3,Decreasing,nt, MAMMALIA,11
Orange-nosed Red-tailed Monkey,Forest,2,Decreasing,lc, MAMMALIA,
Tanganyika Large-eared Galago,Forest,0,Stable,lc, MAMMALIA,
Eastern Spinner Dolphin,Marine Neritic,3,Increasing,vu, MAMMALIA,
Red-bellied Monkey,Forest,5,Decreasing,cr, MAMMALIA,9
Nigerian Putty-nosed Monkey,Forest,5,Decreasing,en, MAMMALIA,11.7
Red Uacari,Forest,2,Decreasing,vu, MAMMALIA,10
Coiba Island Howler Monkey,Forest,3,Decreasing,en, MAMMALIA,9.79
White Bald-headed Uakari,Forest,1,Stable,lc, MAMMALIA,10
Southern White Rhino,Savanna,3,Decreasing,nt, MAMMALIA,
Prigogine's Angolan Colobus ,Forest,3,Decreasing,en, MAMMALIA,10.8
Bioko Red-eared Monkey,Forest,3,Decreasing,en, MAMMALIA,9
South African Large-eared Galago,Forest,0,Stable,lc, MAMMALIA,
Dodinga Hills Guereza,Forest,3,Decreasing,en, MAMMALIA,12.3
Australian Fur Seal,Marine Neritic,4,Increasing,lc, MAMMALIA,
Omo River Guereza,Forest,2,Decreasing,lc, MAMMALIA,
Red Woolly Monkey,Forest,3,Decreasing,en, MAMMALIA,15
Mau Forest Guereza,Forest,3,Decreasing,lc, MAMMALIA,
Black-footed Crowned Monkey,Forest,4,Decreasing,nt, MAMMALIA,9
Red-rumped Putty-nosed Monkey,Forest,5,Decreasing,vu, MAMMALIA,11.7
Persian Leopard,Forest,11,Decreasing,en, MAMMALIA,7.42
Mexican Spider Monkey,Forest,4,Decreasing,en, MAMMALIA,15
Cameroon Red-eared Monkey,Forest,1,Decreasing,vu, MAMMALIA,9
Loughlin’s Steller Sea Lion,Marine Neritic,2,Increasing,lc, MAMMALIA,10
Southern Brown Howler Monkey,Forest,3,Decreasing,vu, MAMMALIA,12
Northern Brown Howler Monkey,Forest,3,Decreasing,cr, MAMMALIA,12
Peruvian Woolly Monkey,Forest,2,Decreasing,dd, MAMMALIA,15
Northern White Rhino,Savanna,1,Decreasing,cr, MAMMALIA,14.69
Nigeria White-throated Monkey,Forest,5,Decreasing,en, MAMMALIA,9
Stampfli's Putty-nosed Monkey,Forest,3,Decreasing,en, MAMMALIA,11.7
Golden-bellied Crowned Monkey,Forest,3,Decreasing,vu, MAMMALIA,9
Mongolian Kulan,Savanna,7,Stable,nt, MAMMALIA,7.5
Indian Wild Ass,Savanna,7,Increasing,nt, MAMMALIA,7.5
Djaffa Mountains Guereza,Forest,2,Decreasing,dd, MAMMALIA,
Northwest Atlantic Grey Seal,Marine Neritic,2,Increasing,lc, MAMMALIA,16.5
Northeast Atlantic Grey Seal,Marine Neritic,3,Increasing,lc, MAMMALIA,16.5
Saiga,Grassland,5,Increasing,nt, MAMMALIA,3.6
Onager,Savanna,0,Stable,en, MAMMALIA,7.5
Mongolian Saiga,Grassland,4,Decreasing,en, MAMMALIA,3.6
Mt Uaraguess Guereza,Forest,2,Decreasing,en, MAMMALIA,
Bioko Putty-nosed Monkey,Forest,3,Decreasing,en, MAMMALIA,12
Common Woolly Monkey,Forest,3,Decreasing,vu, MAMMALIA,15
Black-crowned Central American Squirrel Monkey,Forest,4,Decreasing,en, MAMMALIA,9.18
Black-handed Spider Monkey,Forest,1,Decreasing,vu, MAMMALIA,15
Black Sea Harbour Porpoise,Marine Neritic,5,Decreasing,en, MAMMALIA,
Ecuadorian Mantled Howler Monkey,Forest,1,Decreasing,vu, MAMMALIA,9.79
Eastern Putty-nosed Monkey,Forest,4,Decreasing,vu, MAMMALIA,12
Taiwanese Humpback Dolphin,Marine Neritic,4,Decreasing,cr, MAMMALIA,
Maratua Long-tailed Macaque,Forest,2,Decreasing,cr, MAMMALIA,13.9
Nicobar Long tailed Macaque,Forest,2,Increasing,vu, MAMMALIA,13.9
Con Song Long-tailed Macaque,Forest,2,Decreasing,en, MAMMALIA,13.9
Hangul,Forest,3,Decreasing,cr, MAMMALIA,14
Burmese Long-talied Macaque,Forest,6,Decreasing,vu, MAMMALIA,13.9
Antarctic Krill,Marine Oceanic,1,Stable,lc, MALACOSTRACA,5
Emperor Penguin,Marine Neritic,2,Decreasing,nt, AVES,22.4
Staghorn Coral,Marine Neritic,7,Decreasing,cr, ANTHOZOA,10
Red-billed Tropicbird,Marine Neritic,2,Decreasing,lc, AVES,10.1
Sandwich Tern,Marine Neritic,2,Stable,lc, AVES,10.8
Southern Rockhopper Penguin,,6,Decreasing,vu, AVES,
Rosy Dory,Marine Deep Benthic,0,Stable,lc, ACTINOPTERYGII,
Clearnose Skate,Marine Neritic,1,Increasing,lc, CHONDRICHTHYES,7.4
Caribbean Spiny Lobster,Marine Neritic,1,Decreasing,dd, MALACOSTRACA,10
Bluntnose Stingray,Marine Neritic,1,Decreasing,nt, CHONDRICHTHYES,10.5
Harp Seal,Marine Neritic,4,Increasing,lc, MAMMALIA,15.7
Golden Tilefish,Marine Neritic,2,Decreasing,en, ACTINOPTERYGII,16
Caribbean Roughshark,Marine Deep Benthic,1,Stable,lc, CHONDRICHTHYES,
Portuguese Dogfish,Marine Deep Benthic,1,Decreasing,nt, CHONDRICHTHYES,37
Blacktip Shark,Marine Neritic,3,Decreasing,vu, CHONDRICHTHYES,12.5
West Indian Manatee,Wetlands (inland),8,Decreasing,vu, MAMMALIA,
West Atlantic Trumpetfish,Marine Neritic,2,Decreasing,lc, ACTINOPTERYGII,
Atlantic Chupare,Marine Neritic,4,Decreasing,en, CHONDRICHTHYES,25
Roughtail Stingray,Marine Neritic,0,Decreasing,vu, CHONDRICHTHYES,21.5
Tiger Grouper,Marine Neritic,1,Decreasing,dd, ACTINOPTERYGII,
American Crested Pipefish,Marine Neritic,0,Decreasing,lc, ACTINOPTERYGII,
Black Sea Bass,Marine Neritic,0,Stable,lc, ACTINOPTERYGII,5
Western Atlantic Torpedo Ray,Marine Neritic,1,Decreasing,lc, CHONDRICHTHYES,
Bean's Bigscale,Marine Oceanic,0,Stable,dd, ACTINOPTERYGII,
Bonnethead Shark,,4,Decreasing,, CHONDRICHTHYES,12
Tiger Shark,Marine Neritic,1,Decreasing,nt, CHONDRICHTHYES,20
Yucatan Flagfish,Wetlands (inland),3,Stable,lc, ACTINOPTERYGII,
Spotted Lanternfish,Marine Oceanic,0,Stable,lc, ACTINOPTERYGII,
Yucatan Pupfish,Wetlands (inland),1,Stable,lc, ACTINOPTERYGII,
Basking Shark,Marine Neritic,2,Decreasing,en, CHONDRICHTHYES,34
Nassau Grouper,Marine Neritic,0,Decreasing,cr, ACTINOPTERYGII,17
Yellowhead Jawfish,Marine Neritic,2,Stable,lc, ACTINOPTERYGII,
Maya Hamlet,Marine Neritic,2,Decreasing,en, ACTINOPTERYGII,
Freckled Cardinalfish,Marine Neritic,0,Stable,lc, ACTINOPTERYGII,
Black Dogfish,Marine Deep Benthic,1,Stable,lc, CHONDRICHTHYES,32.5
Belted Cardinalfish,Marine Neritic,1,Stable,lc, ACTINOPTERYGII,
Spotted Cardinalfish,Marine Neritic,1,Stable,lc, ACTINOPTERYGII,
Scup,Marine Neritic,1,Decreasing,nt, ACTINOPTERYGII,
Spined Pygmy Shark,Marine Oceanic,1,Stable,lc, CHONDRICHTHYES,
Whale Shark,,0,Decreasing,, CHONDRICHTHYES,
Whitespotted Eagle Ray,Marine Neritic,1,Decreasing,en, CHONDRICHTHYES,10
White Shark,,1,Decreasing,, CHONDRICHTHYES,53
Largetooth Sawfish,Wetlands (inland),7,Decreasing,cr, CHONDRICHTHYES,
Spiny Dogfish,Marine Neritic,1,Decreasing,vu, CHONDRICHTHYES,
Antarctic Fur Seal,Marine Neritic,3,Decreasing,lc, MAMMALIA,
Twospot Cardinalfish,Marine Neritic,0,Stable,lc, ACTINOPTERYGII,
Scalloped Hammerhead,Marine Neritic,1,Decreasing,cr, CHONDRICHTHYES,24.1
Rice’s Whale,Marine Oceanic,5,Decreasing,cr, MAMMALIA,
European Eel,,0,Decreasing,cr, ACTINOPTERYGII,
Porbeagle,,1,Decreasing,vu, CHONDRICHTHYES,
Bull Shark,,0,Decreasing,vu, CHONDRICHTHYES,
Molly Miller,Marine Neritic,0,Stable,lc, ACTINOPTERYGII,
Smalltooth Sawfish,Marine Neritic,4,Decreasing,cr, CHONDRICHTHYES,
Blue Shark,Marine Neritic,1,Decreasing,nt, CHONDRICHTHYES,
Bluntnose Sixgill Shark,Marine Deep Benthic,1,Decreasing,nt, CHONDRICHTHYES,
Caribbean Reef Shark,Marine Neritic,5,Decreasing,en, CHONDRICHTHYES,9.6
Great Hammerhead,Marine Neritic,1,Decreasing,cr, CHONDRICHTHYES,24.25
Smooth Hammerhead,Marine Neritic,1,Decreasing,vu, CHONDRICHTHYES,24.1
American Cownose Ray,Marine Neritic,1,Decreasing,vu, CHONDRICHTHYES,14.3
Gillbacker Sea Catfish,Wetlands (inland),1,Decreasing,vu, ACTINOPTERYGII,11
Antarctic Krill,Marine Oceanic,1,Stable,lc, MALACOSTRACA,10
Emperor Penguin,Marine Neritic,2,Decreasing,nt, AVES,10.1
Staghorn Coral,Marine Neritic,7,Decreasing,cr, ANTHOZOA,10.8
Red-billed Tropicbird,Marine Neritic,2,Decreasing,lc, AVES,
Sandwich Tern,Marine Neritic,2,Stable,lc, AVES,7.4
Southern Rockhopper Penguin,Marine Neritic,6,Decreasing,vu, AVES,10
Rosy Dory,Marine Deep Benthic,0,Stable,lc, ACTINOPTERYGII,10.5
Clearnose Skate,Marine Neritic,1,Increasing,lc, CHONDRICHTHYES,15.7
Caribbean Spiny Lobster,Marine Neritic,1,Decreasing,dd, MALACOSTRACA,16
Bluntnose Stingray,Marine Neritic,1,Decreasing,nt, CHONDRICHTHYES,
Harp Seal,Marine Neritic,4,Increasing,lc, MAMMALIA,37
Golden Tilefish,Marine Neritic,2,Decreasing,en, ACTINOPTERYGII,12.5
Erect-crested Penguin,Marine Neritic,2,Decreasing,en, AVES,
Caribbean Roughshark,Marine Deep Benthic,1,Stable,lc, CHONDRICHTHYES,
Portuguese Dogfish,Marine Deep Benthic,1,Decreasing,nt, CHONDRICHTHYES,25
Blacktip Shark,Marine Neritic,3,Decreasing,vu, CHONDRICHTHYES,21.5
West Indian Manatee,Wetlands (inland),8,Decreasing,vu, MAMMALIA,
West Atlantic Trumpetfish,Marine Neritic,2,Decreasing,lc, ACTINOPTERYGII,
Atlantic Chupare,Marine Neritic,4,Decreasing,en, CHONDRICHTHYES,5
Roughtail Stingray,Marine Neritic,1,Decreasing,vu, CHONDRICHTHYES,
Tiger Grouper,Marine Neritic,1,Decreasing,dd, ACTINOPTERYGII,
American Crested Pipefish,Marine Neritic,0,Decreasing,lc, ACTINOPTERYGII,12
Black Sea Bass,Marine Neritic,0,Stable,lc, ACTINOPTERYGII,20
Western Atlantic Torpedo Ray,Marine Neritic,1,Decreasing,lc, CHONDRICHTHYES,
Bean's Bigscale,Marine Oceanic,0,Stable,dd, ACTINOPTERYGII,
Bonnethead Shark,,4,Decreasing,, CHONDRICHTHYES,
Tiger Shark,Marine Neritic,1,Decreasing,nt, CHONDRICHTHYES,34
Yucatan Flagfish,Wetlands (inland),3,Stable,lc, ACTINOPTERYGII,17
Spotted Lanternfish,Marine Oceanic,0,Stable,lc, ACTINOPTERYGII,
Yucatan Pupfish,,1,Stable,lc, ACTINOPTERYGII,
Basking Shark,Marine Neritic,2,Decreasing,en, CHONDRICHTHYES,
Nassau Grouper,Marine Neritic,3,Decreasing,cr, ACTINOPTERYGII,32.5
Yellowhead Jawfish,Marine Neritic,2,Stable,lc, ACTINOPTERYGII,
Maya Hamlet,Marine Neritic,2,Decreasing,en, ACTINOPTERYGII,
Freckled Cardinalfish,Marine Neritic,0,Stable,lc, ACTINOPTERYGII,8
Black Dogfish,Marine Deep Benthic,1,Stable,lc, CHONDRICHTHYES,
Belted Cardinalfish,Marine Neritic,1,Stable,lc, ACTINOPTERYGII,25
Spotted Cardinalfish,Marine Neritic,1,Stable,lc, ACTINOPTERYGII,10
Scup,Marine Neritic,1,Decreasing,nt, ACTINOPTERYGII,53
Spined Pygmy Shark,Marine Oceanic,1,Stable,lc, CHONDRICHTHYES,22.5
Whale Shark,,4,Decreasing,, CHONDRICHTHYES,17
Whitespotted Eagle Ray,Marine Neritic,1,Decreasing,en, CHONDRICHTHYES,
White Shark,,1,Decreasing,, CHONDRICHTHYES,24.1
Largetooth Sawfish,Wetlands (inland),7,Decreasing,cr, CHONDRICHTHYES,
Spiny Dogfish,Marine Neritic,1,Decreasing,vu, CHONDRICHTHYES,13
Antarctic Fur Seal,Marine Neritic,3,Decreasing,lc, MAMMALIA,28.9
Twospot Cardinalfish,Marine Neritic,0,Stable,lc, ACTINOPTERYGII,22.5
Scalloped Hammerhead,Marine Neritic,1,Decreasing,cr, CHONDRICHTHYES,
Rice’s Whale,Marine Oceanic,5,Decreasing,cr, MAMMALIA,19.5
European Eel,Wetlands (inland),9,Decreasing,cr, ACTINOPTERYGII,10.25
Porbeagle,Marine Neritic,1,Decreasing,vu, CHONDRICHTHYES,53
Bull Shark,Wetlands (inland),0,Decreasing,vu, CHONDRICHTHYES,9.6
Molly Miller,Marine Neritic,0,Stable,lc, ACTINOPTERYGII,24.25
Smalltooth Sawfish,Marine Neritic,4,Decreasing,cr, CHONDRICHTHYES,24.1
Blue Shark,Marine Neritic,1,Decreasing,nt, CHONDRICHTHYES,14.3
Bluntnose Sixgill Shark,Marine Deep Benthic,0,Decreasing,nt, CHONDRICHTHYES,11
Caribbean Reef Shark,Marine Neritic,5,Decreasing,en, CHONDRICHTHYES,11.3
Great Hammerhead,Marine Neritic,1,Decreasing,cr, CHONDRICHTHYES,
Smooth Hammerhead,Marine Neritic,1,Decreasing,vu, CHONDRICHTHYES,0.33
American Cownose Ray,Marine Neritic,1,Decreasing,vu, CHONDRICHTHYES,4.3
Antarctic Krill,Marine Oceanic,1,Stable,lc, MALACOSTRACA,5
Barrow's Goldeneye,Forest,7,Stable,lc, AVES,22.4
Emperor Penguin,Marine Neritic,2,Decreasing,nt, AVES,10
Staghorn Coral,Marine Neritic,7,Decreasing,cr, ANTHOZOA,10.1
Red-billed Tropicbird,Marine Neritic,2,Decreasing,lc, AVES,10.8
Sandwich Tern,Marine Neritic,2,Stable,lc, AVES,11.9
Southern Rockhopper Penguin,Marine Neritic,6,Decreasing,vu, AVES,
Rosy Dory,Marine Deep Benthic,0,Stable,lc, ACTINOPTERYGII,7.4
Clearnose Skate,Marine Neritic,1,Increasing,lc, CHONDRICHTHYES,10
Caribbean Spiny Lobster,Marine Neritic,1,Decreasing,dd, MALACOSTRACA,10.5
Bluntnose Stingray,Marine Neritic,1,Decreasing,nt, CHONDRICHTHYES,15.7
Harp Seal,Marine Neritic,4,Increasing,lc, MAMMALIA,16
Pacific Hagfish,Marine Neritic,1,Decreasing,dd, MYXINI,11.9
Golden Tilefish,Marine Neritic,2,Decreasing,en, ACTINOPTERYGII,
Erect-crested Penguin,Marine Neritic,2,Decreasing,en, AVES,37
Caribbean Roughshark,Marine Deep Benthic,1,Stable,lc, CHONDRICHTHYES,12.5
Portuguese Dogfish,Marine Deep Benthic,1,Decreasing,nt, CHONDRICHTHYES,
Blacktip Shark,Marine Neritic,3,Decreasing,vu, CHONDRICHTHYES,
West Indian Manatee,Wetlands (inland),8,Decreasing,vu, MAMMALIA,25
West Atlantic Trumpetfish,Marine Neritic,2,Decreasing,lc, ACTINOPTERYGII,21.5
Atlantic Chupare,Marine Neritic,4,Decreasing,en, CHONDRICHTHYES,
Roughtail Stingray,Marine Neritic,1,Decreasing,vu, CHONDRICHTHYES,
Tiger Grouper,Marine Neritic,1,Decreasing,dd, ACTINOPTERYGII,5
American Crested Pipefish,Marine Neritic,0,Decreasing,lc, ACTINOPTERYGII,
Black Sea Bass,Marine Neritic,0,Stable,lc, ACTINOPTERYGII,
Western Atlantic Torpedo Ray,Marine Neritic,1,Decreasing,lc, CHONDRICHTHYES,12
Bean's Bigscale,Marine Oceanic,0,Stable,dd, ACTINOPTERYGII,20
Bonnethead Shark,,4,Decreasing,, CHONDRICHTHYES,
Tiger Shark,Marine Neritic,1,Decreasing,nt, CHONDRICHTHYES,
Yucatan Flagfish,Wetlands (inland),3,Stable,lc, ACTINOPTERYGII,
Spotted Lanternfish,Marine Oceanic,0,Stable,lc, ACTINOPTERYGII,34
Yucatan Pupfish,Wetlands (inland),1,Stable,lc, ACTINOPTERYGII,17
Basking Shark,Marine Neritic,2,Decreasing,en, CHONDRICHTHYES,
Nassau Grouper,Marine Neritic,3,Decreasing,cr, ACTINOPTERYGII,
Yellowhead Jawfish,Marine Neritic,2,Stable,lc, ACTINOPTERYGII,
Northern Fur Seal,Marine Neritic,3,Decreasing,vu, MAMMALIA,32.5
Maya Hamlet,Marine Neritic,2,Decreasing,en, ACTINOPTERYGII,
Freckled Cardinalfish,Marine Neritic,0,Stable,lc, ACTINOPTERYGII,
Smalleye Squaretail,Marine Oceanic,0,Stable,lc, ACTINOPTERYGII,8
Pinto Abalone,Marine Neritic,4,Decreasing,en, GASTROPODA,
Black Dogfish,Marine Deep Benthic,1,Stable,lc, CHONDRICHTHYES,25
Sunflower Sea Star,,3,Decreasing,cr, ASTEROIDEA,10
Belted Cardinalfish,,1,Stable,lc, ACTINOPTERYGII,53
Spotted Cardinalfish,Marine Neritic,1,Stable,lc, ACTINOPTERYGII,22.5
Scup,,1,Decreasing,nt, ACTINOPTERYGII,17
Spined Pygmy Shark,Marine Oceanic,1,Stable,lc, CHONDRICHTHYES,9.1
Whale Shark,,4,Decreasing,, CHONDRICHTHYES,
Whitespotted Eagle Ray,Marine Neritic,1,Decreasing,en, CHONDRICHTHYES,
White Shark,,1,Decreasing,, CHONDRICHTHYES,
Largetooth Sawfish,Wetlands (inland),7,Decreasing,cr, CHONDRICHTHYES,13
Spiny Dogfish,Marine Neritic,1,Decreasing,vu, CHONDRICHTHYES,28.9
Antarctic Fur Seal,Marine Neritic,3,Decreasing,lc, MAMMALIA,22.5
Twospot Cardinalfish,Marine Neritic,0,Stable,lc, ACTINOPTERYGII,
Scalloped Hammerhead,Marine Neritic,1,Decreasing,cr, CHONDRICHTHYES,19.5
Rice’s Whale,Marine Oceanic,5,Decreasing,cr, MAMMALIA,10.25
Tope,Marine Neritic,1,Decreasing,cr, CHONDRICHTHYES,53
European Eel,Wetlands (inland),9,Decreasing,cr, ACTINOPTERYGII,9.6
Porbeagle,Marine Neritic,1,Decreasing,vu, CHONDRICHTHYES,24.25
Bull Shark,Wetlands (inland),3,Decreasing,vu, CHONDRICHTHYES,
Molly Miller,Marine Neritic,0,Stable,lc, ACTINOPTERYGII,
Smalltooth Sawfish,Marine Neritic,4,Decreasing,cr, CHONDRICHTHYES,
Blue Shark,Marine Neritic,1,Decreasing,nt, CHONDRICHTHYES,6.5
Bluntnose Sixgill Shark,Marine Deep Benthic,1,Decreasing,nt, CHONDRICHTHYES,22.4
Caribbean Reef Shark,Marine Neritic,5,Decreasing,en, CHONDRICHTHYES,10
Great Hammerhead,Marine Neritic,1,Decreasing,cr, CHONDRICHTHYES,10.1
Steller Sea Lion,Marine Neritic,3,Increasing,nt, MAMMALIA,10.8
Smooth Hammerhead,Marine Neritic,1,Decreasing,vu, CHONDRICHTHYES,11.9
American Cownose Ray,Marine Neritic,1,Decreasing,vu, CHONDRICHTHYES,
Gillbacker Sea Catfish,Wetlands (inland),1,Decreasing,vu, ACTINOPTERYGII,7.4
Southern Stingray,Marine Neritic,2,Decreasing,nt, CHONDRICHTHYES,10
Deepbody Boarfish,Marine Oceanic,0,Stable,lc, ACTINOPTERYGII,10.5
Pacific Bluefin Tuna,Marine Neritic,1,Decreasing,nt, ACTINOPTERYGII,15.7
Dwarf Seahorse,Marine Neritic,3,Stable,lc, ACTINOPTERYGII,
Sailfish,Marine Neritic,1,Decreasing,vu, ACTINOPTERYGII,16
Black Gemfish,Marine Neritic,0,Stable,lc, ACTINOPTERYGII,11.9
Greenland Shark,Marine Neritic,2,Decreasing,vu, CHONDRICHTHYES,
Spinetail Devil Ray,,1,Decreasing,en, CHONDRICHTHYES,37
Sand Tiger Shark,Marine Neritic,3,Decreasing,cr, CHONDRICHTHYES,
Half-naked Hatchetfish,Marine Oceanic,0,Stable,lc, ACTINOPTERYGII,
Hawksbill Turtle,,6,Decreasing,cr, REPTILIA,
Southern Bluefin Tuna,Marine Oceanic,1,Increasing,en, ACTINOPTERYGII,25
Californian Sea Lion,,3,Increasing,lc, MAMMALIA,21.5
Blue Whale,,2,Increasing,en, MAMMALIA,
Striped Mojarra,Marine Neritic,3,Stable,lc, ACTINOPTERYGII,
Florida Manatee,,0,Stable,en, MAMMALIA,5
Gray Whale,Marine Neritic,2,Stable,lc, MAMMALIA,
Atlantic Goliath Grouper,Marine Neritic,5,Decreasing,vu, ACTINOPTERYGII,
Southern Elephant Seal,Marine Neritic,3,Stable,lc, MAMMALIA,12
Short-fin Pipefish,Marine Neritic,0,Decreasing,lc, ACTINOPTERYGII,20
Green Turtle,Marine Neritic,2,Decreasing,en, REPTILIA,
Blue Marlin,Marine Neritic,1,Decreasing,vu, ACTINOPTERYGII,
Western Gray Whale,Marine Neritic,5,Increasing,en, MAMMALIA,
Kaup's Arrowtooth Eel,Marine Deep Benthic,1,Stable,lc, ACTINOPTERYGII,34
Fin Whale,Marine Neritic,2,Increasing,vu, MAMMALIA,17
Humpback Whale,Marine Neritic,4,Increasing,lc, MAMMALIA,
Cyclothone microdon,Marine Oceanic,1,Stable,lc, ACTINOPTERYGII,14.1
Loggerhead Turtle,Marine Neritic,6,Decreasing,vu, REPTILIA,
Bowhead Whale,Marine Neritic,6,Increasing,lc, MAMMALIA,
Bermuda Sea Chub,Marine Neritic,0,Stable,lc, ACTINOPTERYGII,
Oceanic Manta Ray,Marine Neritic,1,Decreasing,en, CHONDRICHTHYES,10
Black Grouper,Marine Neritic,2,Decreasing,nt, ACTINOPTERYGII,32.5
North Atlantic Right Whale,Marine Neritic,3,Decreasing,cr, MAMMALIA,32
Rainbow Parrotfish,Marine Neritic,3,Decreasing,nt, ACTINOPTERYGII,
Sei Whale,Marine Neritic,2,Increasing,en, MAMMALIA,
Swordfish,Marine Neritic,1,Decreasing,nt, ACTINOPTERYGII,
Olive Ridley Turtle,Marine Neritic,0,Decreasing,vu, REPTILIA,
Doctorfish,Marine Neritic,1,Stable,lc, ACTINOPTERYGII,25
Long-snout Seahorse,Marine Neritic,2,Decreasing,nt, ACTINOPTERYGII,10
Jamaican Weakfish,Marine Neritic,0,Stable,lc, ACTINOPTERYGII,53
Ocean Sunfish,Marine Oceanic,1,Decreasing,vu, ACTINOPTERYGII,22.5
Leatherback Turtle,,4,Decreasing,vu, REPTILIA,17
Blue Tang,Marine Neritic,1,Stable,lc, ACTINOPTERYGII,
Gray Triggerfish,,1,Decreasing,vu, ACTINOPTERYGII,
Lined Seahorse,,3,Decreasing,vu, ACTINOPTERYGII,24.1
Oceanic Whitetip Shark,Marine Neritic,1,Decreasing,cr, CHONDRICHTHYES,
Common Dolphinfish,Marine Neritic,1,Stable,lc, ACTINOPTERYGII,
Millepora striata,,7,Decreasing,vu, HYDROZOA,
Bathyplotes natans,Marine Neritic,0,Stable,lc, HOLOTHUROIDEA,28.9
Bathyplotes pourtalesii,Marine Neritic,0,Stable,lc, HOLOTHUROIDEA,22.5
Parastichopus californicus,Marine Neritic,1,Stable,lc, HOLOTHUROIDEA,
Blade Fire Coral,Marine Neritic,4,Decreasing,cr, CHONDRICHTHYES,19.5
Western Grebe,Marine Neritic,1,Stable,lc, CHONDRICHTHYES,10.25
Orbicella franksi,Marine Deep Benthic,1,Decreasing,nt, CHONDRICHTHYES,53
Smooth Star Coral,Marine Neritic,5,Stable,lc, CHONDRICHTHYES,9.6
Meandrina jacksoni,Marine Neritic,1,Decreasing,cr, CHONDRICHTHYES,24.25
Crustal Fire Coral,Marine Neritic,3,Decreasing,cr, MAMMALIA,10
Branching Fire Coral,Marine Neritic,1,Decreasing,vu, CHONDRICHTHYES,24.1
Colpophyllia breviserialis,Marine Neritic,1,Decreasing,cr, CHONDRICHTHYES,14.3
Sea Lamprey,Wetlands (inland),1,Stable,lc, ACTINOPTERYGII,11
Entosphenus tridentatus,Marine Neritic,2,Decreasing,lc, CHONDRICHTHYES,11.3
Bufflehead,Marine Oceanic,0,Increasing,lc, ACTINOPTERYGII,
Maze Coral,Marine Neritic,1,Decreasing,cr, ACTINOPTERYGII,11.75
Artichoke Coral,Marine Neritic,3,Decreasing,cr, ACTINOPTERYGII,0.33
Smooth Flower Coral,Marine Neritic,1,Decreasing,cr, ACTINOPTERYGII,4.3
Actinopyga mauritiana,Marine Neritic,0,Decreasing,vu, ACTINOPTERYGII,
Chinstrap Penguin,Marine Neritic,0,Decreasing,, CHONDRICHTHYES,150
Pentacheles validus,Marine Neritic,1,Stable,lc, CHONDRICHTHYES,12.8
Stereomastis nana,Marine Neritic,3,Stable,lc, CHONDRICHTHYES,24.8
Scyllarus americanus,Marine Oceanic,0,Stable,lc, ACTINOPTERYGII,
Pentacheles laevis,Marine Neritic,6,Stable,lc, REPTILIA,
Willemoesia forceps,Marine Oceanic,1,Stable,lc, ACTINOPTERYGII,20
Spiny Flower Coral,Marine Neritic,3,Decreasing,nt, MAMMALIA,14.5
Solitary Disk Coral,Marine Neritic,2,Decreasing,vu, MAMMALIA,30.8
Boulder Brain Coral,Marine Neritic,3,Decreasing,vu, ACTINOPTERYGII,
Polycheles typhlops,,0,Stable,lc, MAMMALIA,
Lettuce Coral,Marine Neritic,2,Decreasing,vu, MAMMALIA,
Megaleledone setebos,Marine Neritic,5,Stable,lc, ACTINOPTERYGII,21.5
Pareledone aurorae,Marine Neritic,3,Stable,lc, MAMMALIA,9.5
Thaumeledone rotunda,Marine Neritic,3,Stable,lc, ACTINOPTERYGII,
Adelieledone polymorpha,Marine Neritic,2,Stable,lc, REPTILIA,
Pareledone prydzensis,Marine Neritic,1,Stable,lc, ACTINOPTERYGII,9
Pareledone framensis,Marine Neritic,5,Stable,lc, MAMMALIA,
Adelieledone adelieana,Marine Deep Benthic,1,Stable,lc, ACTINOPTERYGII,
Lollyfish,Marine Neritic,2,Stable,lc, MAMMALIA,25.9
American Horseshoe Crab,Marine Neritic,4,Decreasing,, MAMMALIA,25.5
Elkhorn Coral,Marine Oceanic,1,Decreasing,cr, ACTINOPTERYGII,
Lowrelief Lettuce Coral,Marine Neritic,6,Decreasing,cr, REPTILIA,
Sunray Lettuce Coral,Marine Neritic,6,Decreasing,cr, MAMMALIA,52
Atlantic Mushroom Coral,Marine Neritic,0,Decreasing,cr, ACTINOPTERYGII,
Lamarck's Sheet Coral,Marine Neritic,1,Decreasing,cr, CHONDRICHTHYES,29
Graham's Sheet Coral,Marine Neritic,2,Decreasing,nt, ACTINOPTERYGII,19
Flatback Lobster,Marine Neritic,3,Stable,lc, MAMMALIA,
Thin Leaf Lettuce Coral,Marine Neritic,3,Decreasing,cr, ACTINOPTERYGII,
Lepidophanes gaussi,Marine Neritic,2,Stable,lc, MAMMALIA,
Lepidophanes guentheri,Marine Neritic,1,Stable,lc, ACTINOPTERYGII,
Myctophum affine,Marine Neritic,6,Stable,lc, REPTILIA,
Myctophum asperum,Marine Neritic,1,Stable,lc, ACTINOPTERYGII,
Scopelopsis multipunctatus,Marine Neritic,0,Stable,lc, ACTINOPTERYGII,1
King Penguin,Marine Neritic,0,Increasing,lc, ACTINOPTERYGII,
Pillar Coral,Marine Oceanic,0,Decreasing,cr, ACTINOPTERYGII,9
Symmetrical Brain Coral,Marine Oceanic,4,Decreasing,cr, REPTILIA,30
Massive Starlet Coral,Marine Neritic,1,Decreasing,cr, ACTINOPTERYGII,
Blushing Star Coral,Marine Neritic,1,Decreasing,nt, ACTINOPTERYGII,6
Eight-ray Finger Coral,Marine Neritic,3,Decreasing,nt, ACTINOPTERYGII,1
Centrobranchus nigroocellatus,Marine Neritic,1,Stable,lc, CHONDRICHTHYES,20.4
Zenion hololepis,Marine Neritic,1,Stable,lc, ACTINOPTERYGII,
Ceratoscopelus warmingii,Marine Neritic,7,Stable,lc, HYDROZOA,10
Benthosema suborbitale,Marine Neritic,0,Stable,lc, HOLOTHUROIDEA,
Blue Petrel,Marine Neritic,0,Decreasing,lc, HOLOTHUROIDEA,
Allocyttus verrucosus,Marine Neritic,1,Stable,lc, HOLOTHUROIDEA,
Symbolophorus boops,Marine Neritic,7,Stable,lc, HYDROZOA,19.5
Knobby Brain Coral,Wetlands (inland),0,Decreasing,nt, AVES,10.25
Rough Cactus Coral,Marine Neritic,7,Decreasing,cr, ANTHOZOA,53
Mountainous Star Coral,Marine Neritic,7,Decreasing,en, ANTHOZOA,9.6
St Paul Rock Lobster,Marine Neritic,6,Decreasing,dd, ANTHOZOA,24.25
Grooved Brain Coral,Marine Neritic,7,Decreasing,cr, HYDROZOA,10
Hildebrand's Goby,Marine Neritic,7,Decreasing,vu, HYDROZOA,24.1
Isthmian Goby,Marine Neritic,6,Decreasing,en, ANTHOZOA,14.3
Gonostoma atlanticum,Wetlands (inland),0,Stable,lc, PETROMYZONTI,11
Spotted Lanternfish,Wetlands (inland),6,Stable,lc, PETROMYZONTI,11.3
Pineapple Coral,Forest,0,Decreasing,vu, AVES,
Boulder Star Coral,Marine Neritic,0,Decreasing,en, ANTHOZOA,11.75
Lowridge Cactus Coral,Marine Neritic,0,Decreasing,cr, ANTHOZOA,0.33
Blue Crust Coral,Marine Neritic,0,Decreasing,nt, ANTHOZOA,4.3
Leafnose Legskate,Marine Neritic,0,Stable,lc, HOLOTHUROIDEA,
Exuma Goby,80% (53% - 93%),3,Decreasing,en, AVES,150
Bicolor Basslet,,0,Stable,lc, MALACOSTRACA,12.8
Spotted Gar,Marine Deep Benthic,0,Stable,lc, MALACOSTRACA,24.8
Multipore Searsid,,0,Decreasing,lc, MALACOSTRACA,
Spotted Tinselfish,,0,Stable,lc, MALACOSTRACA,
Diaphus effulgens,Marine Deep Benthic,0,Stable,lc, MALACOSTRACA,20
Diaphus perspicillatus,Marine Neritic,0,Stable,lc, ANTHOZOA,14.5
Diaphus taaningi,Marine Neritic,0,Stable,dd, ANTHOZOA,30.8
Diaphus termophilus,Marine Neritic,7,Stable,lc, ANTHOZOA,
Goldspot Goby,Marine Deep Benthic,0,Stable,lc, MALACOSTRACA,
California Skate,Marine Neritic,7,Stable,lc, ANTHOZOA,
Longnose Skate,Marine Neritic,1,Stable,lc, CEPHALOPODA,21.5
Big Skate,Marine Neritic,1,Stable,lc, CEPHALOPODA,9.5
Longnose Legskate,Marine Deep Benthic,1,Stable,lc, CEPHALOPODA,
Sharp-tailed Sandpiper,Marine Neritic,1,Decreasing,vu, CEPHALOPODA,
Diaphus hudsoni,Marine Deep Benthic,1,Stable,lc, CEPHALOPODA,9
Hooktail Skate,Marine Neritic,1,Decreasing,lc, CEPHALOPODA,
Caribbean Skate,Marine Neritic,1,Decreasing,lc, CEPHALOPODA,
Spreadfin Skate,Marine Neritic,1,Decreasing,lc, HOLOTHUROIDEA,25.9
Freckled Stargazer,,3,Stable,lc, MEROSTOMATA,25.5
Windowpane Flounder,Marine Neritic,7,Stable,lc, ANTHOZOA,
Luciérnaga Negra,Marine Neritic,7,Stable,lc, ANTHOZOA,45
Cayman Greenbanded Goby,Marine Neritic,7,Decreasing,en, ANTHOZOA,52
Cayman Sponge Goby,Marine Neritic,7,Decreasing,en, ANTHOZOA,
Pacific Portholefish,Marine Neritic,7,Stable,lc, ANTHOZOA,29
Fourhorn Sculpin,Marine Neritic,7,Stable,lc, ANTHOZOA,19
Mould's Skate,Marine Neritic,0,Stable,lc, MALACOSTRACA,
Brightspot Skate,Marine Neritic,7,Stable,lc, ANTHOZOA,
Tortugas Skate,Marine Oceanic,0,Decreasing,lc, ACTINOPTERYGII,23.3
Ocellate Skate,Marine Oceanic,0,Stable,lc, ACTINOPTERYGII,
Lightnose Skate,Marine Oceanic,0,Stable,lc, ACTINOPTERYGII,
Bahama Skate,Marine Oceanic,0,Stable,lc, ACTINOPTERYGII,
Spinose Skate,Marine Oceanic,0,Stable,lc, ACTINOPTERYGII,1
Lanternfish,Shrubland,2,Stable,lc, AVES,
American Legskate,Marine Neritic,7,Stable,lc, ANTHOZOA,9
Roundel Skate,Marine Neritic,7,Stable,lc, ANTHOZOA,30
Freckle Skate,Marine Neritic,7,Stable,lc, ANTHOZOA,
Purplebelly Skate,Marine Neritic,7,Stable,lc, ANTHOZOA,6
Banded Basslet,Marine Neritic,7,Stable,lc, ANTHOZOA,1
Blenny,Marine Oceanic,0,Stable,lc, ACTINOPTERYGII,20.4
Largescale Jawfish,Marine Neritic,0,Stable,lc, ACTINOPTERYGII,
Scalecheek Jawfish,Marine Oceanic,0,Stable,lc, ACTINOPTERYGII,10
Threadfin Blenny,Marine Oceanic,0,Stable,lc, ACTINOPTERYGII,
Maracaibo Leatherjacket,Grassland,1,Stable,lc, AVES,
Pearlfish,Marine Deep Benthic,1,Stable,lc, ACTINOPTERYGII,
Burbot,Marine Oceanic,0,Stable,lc, ACTINOPTERYGII,
Pacific Staghorn Sculpin,Marine Neritic,7,Stable,lc, ANTHOZOA,8
Offshore Tonguefish,Marine Neritic,7,Stable,lc, ANTHOZOA,10
Yellow Jack,Marine Neritic,7,Stable,lc, ANTHOZOA,
Murray's Smooth-head,Marine Neritic,1,Stable,lc, MALACOSTRACA,10
Atlantic Moonfish,Marine Neritic,7,Stable,lc, ANTHOZOA,10
Atlantic Lookdown,Marine Neritic,3,Stable,lc, ACTINOPTERYGII,10
Yellow Jawfish,Marine Intertidal,2,Stable,lc, ACTINOPTERYGII,10
Palemouth Jawfish,Marine Oceanic,1,Stable,lc, ACTINOPTERYGII,
Swordtail Jawfish,Marine Oceanic,0,Stable,lc, ACTINOPTERYGII,9
Higman's Jawfish,Marine Neritic,7,Stable,lc, ANTHOZOA,6
Spotfin Jawfish,Marine Neritic,7,Stable,lc, ANTHOZOA,10
Dusky Jawfish,Marine Neritic,7,Stable,lc, ANTHOZOA,10
Moustache Jawfish,Marine Neritic,7,Stable,lc, ANTHOZOA,10
Longfin Escolar,Marine Deep Benthic,2,Decreasing,lc, CHONDRICHTHYES,
Synagrops japonicus,Marine Neritic,1,Stable,lc, ACTINOPTERYGII,9.4
Polka-dot Batfish,Marine Neritic,0,Stable,lc, ACTINOPTERYGII,
Cocoa Damselfish,Wetlands (inland),0,Stable,lc, ACTINOPTERYGII,
Sandpaper Skate,Marine Deep Benthic,0,Stable,lc, ACTINOPTERYGII,
Commander Skate,,0,Stable,lc, ACTINOPTERYGII,
Butterfly Skate,Marine Oceanic,0,Stable,lc, ACTINOPTERYGII,
Okhotsk Skate,Marine Oceanic,0,Stable,lc, ACTINOPTERYGII,10
Round Stingray,Marine Oceanic,1,Stable,lc, ACTINOPTERYGII,10
Bering Skate,Marine Oceanic,0,Increasing,lc, ACTINOPTERYGII,10
American Freshwater Goby,Marine Neritic,0,Stable,lc, ACTINOPTERYGII,
Mutton Snapper,Marine Neritic,1,Decreasing,nt, CHONDRICHTHYES,10
Black Jack,Marine Neritic,1,Stable,lc, CHONDRICHTHYES,
Cottonmouth Jack,Marine Neritic,2,Stable,lc, CHONDRICHTHYES,
Yucatán Skate,Marine Deep Benthic,1,Stable,lc, CHONDRICHTHYES,
Atlantic Stingray,Grassland,5,Decreasing,lc, AVES,
Murray's Skate,Marine Oceanic,0,Stable,lc, ACTINOPTERYGII,
Rosette Skate,Marine Deep Benthic,2,Increasing,lc, CHONDRICHTHYES,
Sooty Skate,Marine Deep Benthic,1,Stable,lc, CHONDRICHTHYES,
San Blas Skate,Marine Neritic,2,Decreasing,lc, CHONDRICHTHYES,
Tarpon,Marine Neritic,0,Decreasing,vu, ACTINOPTERYGII,
Gentoo Penguin,Marine Neritic,2,Stable,lc, ACTINOPTERYGII,10
Yellow Stingray,Marine Oceanic,0,Stable,lc, ACTINOPTERYGII,
Ten-ray Star Coral,Marine Neritic,1,Decreasing,cr, ACTINOPTERYGII,10
Hook Skate,Marine Neritic,1,Stable,lc, ACTINOPTERYGII,10
Blacknose Shark,Marine Oceanic,0,Decreasing,en, ACTINOPTERYGII,10
Narrowfin Smoothhound,Wetlands (inland),0,Decreasing,nt, ACTINOPTERYGII,10
Rough Pygmy Skate,Marine Deep Benthic,0,Stable,lc, CHONDRICHTHYES,
Glass Blenny,Marine Deep Benthic,1,Stable,lc, CHONDRICHTHYES,10
Dusky Shark,Marine Neritic,1,Decreasing,en, CHONDRICHTHYES,
Dusky Smoothhound,Marine Neritic,1,Decreasing,nt, CHONDRICHTHYES,
Spotted Blenny,Marine Deep Benthic,1,Stable,lc, CHONDRICHTHYES,
Bonefish,Marine Deep Benthic,1,Decreasing,nt, CHONDRICHTHYES,
Pale Cardinalfish,Marine Deep Benthic,1,Stable,lc, CHONDRICHTHYES,
Sangrey's Blenny,Marine Oceanic,0,Stable,lc, ACTINOPTERYGII,17.8
Weigt's Blenny,Marine Neritic,0,Stable,lc, CHONDRICHTHYES,10
Robertson's Blenny,Marine Neritic,2,Stable,lc, CHONDRICHTHYES,10
Chessboard Blenny,,2,Stable,lc, CHONDRICHTHYES,10
Whitesaddle Blenny,Marine Deep Benthic,1,Stable,dd, CHONDRICHTHYES,10
Sailfin Blenny,Marine Deep Benthic,0,Stable,lc, ACTINOPTERYGII,10
Puffcheek Blenny,Marine Neritic,2,Stable,lc, ACTINOPTERYGII,
Black Hagfish,Marine Deep Benthic,0,Decreasing,dd, ACTINOPTERYGII,
Yellowfin Chromis,Marine Neritic,0,Stable,lc, ACTINOPTERYGII,
Roughhead Blenny,Marine Neritic,0,Stable,lc, ACTINOPTERYGII,
Mangrove Blenny,Marine Neritic,0,Decreasing,nt, ACTINOPTERYGII,8.4
Chain Pearlfish,,0,Stable,lc, ACTINOPTERYGII,31.5
Dark-spotted Jawfish,Wetlands (inland),0,Stable,lc, ACTINOPTERYGII,
Lancer Stargazer,Marine Neritic,0,Stable,lc, ACTINOPTERYGII,10
Northern Elephant Seal,Marine Neritic,0,Increasing,lc, ACTINOPTERYGII,10
Williams's Blenny,Marine Neritic,0,Stable,lc, ACTINOPTERYGII,10
Round Scad,Marine Oceanic,0,Stable,lc, ACTINOPTERYGII,12.5
Broadfoot Pygmy Skate,Marine Neritic,0,Stable,lc, ACTINOPTERYGII,10
Blackbelly Skate,Marine Neritic,0,Stable,lc, ACTINOPTERYGII,
Skillet Skate,Marine Neritic,0,Stable,lc, ACTINOPTERYGII,
Kerguelen Sandpaper Skate,Marine Neritic,0,Decreasing,vu, ACTINOPTERYGII,
Poey's Pygmy Skate,Marine Neritic,0,Stable,lc, ACTINOPTERYGII,
Atlantic Pygmy Skate,Marine Neritic,0,Stable,lc, ACTINOPTERYGII,10
Longfin Lanternfish,Marine Neritic,0,Stable,lc, ACTINOPTERYGII,10
Dark-mouth Skate,,1,Stable,lc, ACTINOPTERYGII,10
Spotted Algae-eating Goby,,0,Decreasing,lc, ACTINOPTERYGII,10
Blackcap Basslet,Marine Deep Benthic,1,Stable,lc, ACTINOPTERYGII,
Blurred Lanternshark,Marine Neritic,0,Stable,lc, ACTINOPTERYGII,
Spiny Butterfly Ray,Marine Neritic,0,Decreasing,en, ACTINOPTERYGII,
Smooth-eye Blenny,Marine Neritic,0,Stable,lc, ACTINOPTERYGII,
Medialuna californiensis,Marine Neritic,1,Stable,lc, CHONDRICHTHYES,
Atlantic Leatherjacket,Marine Deep Benthic,1,Stable,lc, CHONDRICHTHYES,
Goldline Blenny,Marine Neritic,1,Stable,lc, CHONDRICHTHYES,
Saddled Blenny,Marine Neritic,1,Stable,lc, CHONDRICHTHYES,
Cirripectes kuwamurai,Marine Neritic,2,Stable,lc, CHONDRICHTHYES,
Spurcheek Lanternfish,Marine Deep Benthic,1,Stable,lc, CHONDRICHTHYES,
Darter Goby,,0,Stable,lc, ACTINOPTERYGII,
Horse-eye Jack,,2,Stable,lc, ACTINOPTERYGII,5.95
Atlantic Bumper,,0,Stable,lc, ACTINOPTERYGII,14.5
Caribbean Torpedo,,0,Stable,lc, ACTINOPTERYGII,14.25
Lined Lanternshark,Marine Neritic,0,Stable,lc, CHONDRICHTHYES,
Dwarf Lanternshark,,2,Stable,lc, CHONDRICHTHYES,4.9
Green Lanternshark,,1,Increasing,lc, CHONDRICHTHYES,
Fanfin Skate,Marine Neritic,1,Stable,lc, CHONDRICHTHYES,
Carolina Dwarf Skate,,1,Stable,lc, CHONDRICHTHYES,
Bahamas Ghostshark,Marine Deep Benthic,1,Stable,lc, CHONDRICHTHYES,7
Butter Sole,,5,Decreasing,lc, ACTINOPTERYGII,
English Sole,Grassland,4,Increasing,lc, AVES,5
Lessa's Butterfly Ray,Marine Neritic,3,Stable,lc, CHONDRICHTHYES,
Key Silverside,,7,Decreasing,en, ANTHOZOA,
Sandbar Shark,,1,Decreasing,en, CHONDRICHTHYES,
Lemon Shark,Marine Neritic,1,Decreasing,vu, CHONDRICHTHYES,
Smalleye Round Ray,Marine Neritic,1,Decreasing,cr, CHONDRICHTHYES,
Gulf Chimaera,Marine Deep Benthic,1,Stable,lc, CHONDRICHTHYES,
Night Shark,Marine Neritic,2,Decreasing,en, ACTINOPTERYGII,
Saddle Stargazer,,1,Stable,lc, CHONDRICHTHYES,
Arrow Stargazer,Marine Neritic,1,Stable,lc, CHONDRICHTHYES,
Cuban Glassfish,Marine Neritic,0,Decreasing,lc, ACTINOPTERYGII,
Longfin Blenny,Marine Neritic,4,Stable,lc, ACTINOPTERYGII,
Blackfin Pygmy Skate,Marine Neritic,1,Stable,lc, ACTINOPTERYGII,
Dwarf Sicklefin Chimaera,Marine Neritic,2,Decreasing,nt, ACTINOPTERYGII,
West Indian Lanternshark,Marine Neritic,2,Stable,lc, ACTINOPTERYGII,
Plain Pygmy Skate,Marine Neritic,2,Stable,lc, ACTINOPTERYGII,7.4
Pluto Pygmy Skate,Marine Neritic,2,Stable,lc, ACTINOPTERYGII,
Gulf Pygmy Skate,Marine Neritic,1,Stable,lc, ACTINOPTERYGII,
Cuban Pygmy Skate,Marine Neritic,0,Stable,lc, ACTINOPTERYGII,
Silky Shark,Marine Neritic,0,Decreasing,vu, ACTINOPTERYGII,
Genie’s Dogfish,Marine Neritic,0,Decreasing,lc, MYXINI,
Yellowcheek Basslet,Marine Neritic,0,Stable,lc, ACTINOPTERYGII,
Bramble Shark,Marine Neritic,0,Decreasing,en, ACTINOPTERYGII,
Northern Ladyfish,Marine Intertidal,0,Stable,lc, ACTINOPTERYGII,
Barred Blenny,Marine Neritic,0,Stable,lc, ACTINOPTERYGII,
Redear Herring,Marine Neritic,0,Decreasing,lc, ACTINOPTERYGII,
Patchwork Lampfish,Marine Neritic,0,Stable,lc, ACTINOPTERYGII,
Benoit's Lanternfish,Marine Neritic,0,Stable,lc, MAMMALIA,
Querimana Silverside,Marine Neritic,0,Stable,lc, ACTINOPTERYGII,
Aleutian Skate,Marine Neritic,0,Stable,lc, ACTINOPTERYGII,
Mud Skate,Marine Deep Benthic,0,Stable,lc, CHONDRICHTHYES,
Giant Killifish,,0,Decreasing,vu, CHONDRICHTHYES,
Atlantic Sharpnose Shark,Marine Deep Benthic,0,Increasing,lc, CHONDRICHTHYES,
Cuban Chimaera,Marine Deep Benthic,0,Stable,lc, CHONDRICHTHYES,
Venezuela Skate,Marine Deep Benthic,0,Decreasing,nt, CHONDRICHTHYES,
Duskypurple Skate,Marine Deep Benthic,0,Stable,lc, CHONDRICHTHYES,
Antilles Catshark,Marine Oceanic,0,Stable,lc, ACTINOPTERYGII,
Arrowtooth Flounder,Marine Neritic,0,Stable,lc, CHONDRICHTHYES,
Southern Rock Sole,Wetlands (inland),0,Stable,lc, ACTINOPTERYGII,
American Pocket Shark,Marine Neritic,0,Stable,lc, ACTINOPTERYGII,
Striped Hamlet,,0,Decreasing,cr, CHONDRICHTHYES,
Blueback Herring,Marine Neritic,0,Decreasing,vu, CHONDRICHTHYES,
Hickory Shad,Marine Neritic,0,Increasing,lc, ACTINOPTERYGII,
Bignose Shark,,0,Decreasing,nt, ACTINOPTERYGII,
Gulf of Mexico Smoothhound,,0,Increasing,lc, ACTINOPTERYGII,
Daggernose Shark,Marine Neritic,0,Decreasing,cr, ACTINOPTERYGII,
Campeche Catshark,,0,Stable,lc, ACTINOPTERYGII,7.25
Alabama Shad,,0,Decreasing,nt, ACTINOPTERYGII,
Atlantic Sturgeon,Marine Oceanic,0,Increasing,vu, ACTINOPTERYGII,10.25
Gulf Menhaden,,0,Stable,lc, ACTINOPTERYGII,
Pearl Blenny,,1,Stable,lc, ACTINOPTERYGII,15
Flagfin Blenny,Marine Intertidal,0,Stable,lc, ACTINOPTERYGII,
Cocco's Lanternfish,,0,Stable,lc, CHONDRICHTHYES,
Banded Rudderfish,Marine Deep Benthic,0,Stable,lc, CHONDRICHTHYES,
Horse Mackerel,,1,Stable,lc, CHONDRICHTHYES,
White Sturgeon,Marine Oceanic,0,Stable,vu, CHONDRICHTHYES,
Finescale Menhaden,,0,Stable,lc, CHONDRICHTHYES,
North Pacific Daggertooth,Marine Deep Benthic,0,Stable,lc, CHONDRICHTHYES,
Venezuelan Dwarf Smoothhound,,0,Decreasing,en, CHONDRICHTHYES,
Cylindrical Lanternshark,,0,Stable,lc, ACTINOPTERYGII,12.7
Springer's Sawtail Catshark,,0,Stable,lc, ACTINOPTERYGII,11.5
Roughscale Sole,,0,Decreasing,vu, CHONDRICHTHYES,9.5
Cyclothone alba,,0,Stable,lc, ACTINOPTERYGII,10
Snake Mackerel,Marine Neritic,2,Stable,lc, CHONDRICHTHYES,
Topside Lampfish,Marine Neritic,2,Stable,lc, CHONDRICHTHYES,9.5
Sooty Shearwater,Marine Neritic,1,Decreasing,nt, CHONDRICHTHYES,6.6
Conchfish,Marine Deep Benthic,1,Decreasing,dd, CHONDRICHTHYES,
Brazilian Cownose Ray,Marine Neritic,1,Decreasing,vu, CHONDRICHTHYES,
Bayou Killifish,Marine Neritic,0,Stable,lc, ACTINOPTERYGII,33.9
Night Sergeant,Marine Neritic,0,Stable,lc, ACTINOPTERYGII,10.8
Red Grouper,Wetlands (inland),6,Decreasing,vu, ACTINOPTERYGII,
Yellowfin Grouper,Marine Neritic,0,Decreasing,nt, ACTINOPTERYGII,
Acoupa Weakfish,Marine Deep Benthic,1,Decreasing,vu, CHONDRICHTHYES,
King Mackerel,Marine Neritic,1,Stable,lc, CHONDRICHTHYES,
False Herring,Marine Oceanic,1,Decreasing,lc, CHONDRICHTHYES,
Soft Lanternfish,Marine Deep Benthic,1,Stable,lc, CHONDRICHTHYES,
American Gulf Pipefish,Marine Deep Benthic,1,Stable,lc, CHONDRICHTHYES,
Roughtail Skate,Marine Neritic,1,Stable,lc, CHONDRICHTHYES,
Spotted Ratfish,Marine Deep Benthic,1,Increasing,lc, CHONDRICHTHYES,
Starry Flounder,,1,Stable,lc, CHONDRICHTHYES,
Ocellated Killifish,,1,Stable,lc, CHONDRICHTHYES,17.5
Salmon Shark,,0,Stable,lc, ACTINOPTERYGII,
Little Gulper Shark,Marine Oceanic,1,Decreasing,en, CHONDRICHTHYES,
Hoary Catshark,Wetlands (inland),3,Stable,lc, ACTINOPTERYGII,2
Shortlip Numbfish,Marine Neritic,0,Decreasing,vu, ACTINOPTERYGII,
Large-eyed Rabbitfish,Marine Neritic,1,Stable,lc, ACTINOPTERYGII,
Caribbean Blind Numbfish,Marine Oceanic,0,Stable,lc, ACTINOPTERYGII,
Little Sleeper Shark,Marine Oceanic,0,Stable,lc, ACTINOPTERYGII,8.7
Deepsea Sole,Marine Oceanic,0,Stable,lc, ACTINOPTERYGII,
Albacore Tuna,Marine Deep Benthic,1,Decreasing,lc, CHONDRICHTHYES,
Longfin Mako,Marine Neritic,1,Decreasing,en, CHONDRICHTHYES,
Dofleini's Lantern Fish,Marine Neritic,4,Stable,lc, ACTINOPTERYGII,
Whitestar Cardinalfish,,1,Stable,lc, CHONDRICHTHYES,
Smooth Lanternshark,Marine Deep Benthic,1,Stable,lc, CHONDRICHTHYES,14
Finetooth Shark,Marine Neritic,1,Stable,nt, CHONDRICHTHYES,
Smallfin Catshark,Marine Neritic,1,Stable,lc, CHONDRICHTHYES,
Spinner Shark,Marine Deep Benthic,0,Decreasing,vu, CHONDRICHTHYES,
Slender Catshark,Marine Neritic,0,Decreasing,lc, ACTINOPTERYGII,
Caribbean Lanternshark,Marine Neritic,0,Stable,lc, ACTINOPTERYGII,
Diastobranchus capensis,Marine Oceanic,0,Decreasing,vu, CHONDRICHTHYES,
Sockeye Salmon,,4,Stable,lc, ACTINOPTERYGII,
Flameback Angelfish,Wetlands (inland),2,Stable,lc, ACTINOPTERYGII,11
Bicolor Damselfish,Wetlands (inland),2,Stable,lc, ACTINOPTERYGII,
Picture Rockskipper,Marine Neritic,1,Stable,lc, CHONDRICHTHYES,
Oncorhynchus nerka NASS RIVER: Upper Nass,Marine Neritic,1,Stable,vu, CHONDRICHTHYES,
Oncorhynchus nerka NASS RIVER: Gingit,,0,Stable,lc, CHONDRICHTHYES,
Oncorhynchus nerka NASS RIVER: Coastal,Marine Deep Benthic,0,Stable,lc, CHONDRICHTHYES,
"Oncorhynchus nerka SKEENA R, LOWER: Alastair",Wetlands (inland),6,Decreasing,en, ACTINOPTERYGII,
"Oncorhynchus nerka SKEENA R, LOWER: Schulbuckhand",Wetlands (inland),6,Decreasing,cr, ACTINOPTERYGII,
"Oncorhynchus nerka SKEENA R, LOWER: Kitsumkalum",Marine Neritic,1,Decreasing,lc, ACTINOPTERYGII,
"Oncorhynchus nerka SKEENA R, MIDDLE: Kispiox R, Club",Marine Neritic,0,Increasing,lc, ACTINOPTERYGII,
"Oncorhynchus nerka SKEENA R, MIDDLE: Babine",Marine Neritic,0,Increasing,lc, ACTINOPTERYGII,
Oncorhynchus nerka HECATE STRAIT-Q.C. SOUND: Hecate Strait,Marine Oceanic,0,Increasing,lc, ACTINOPTERYGII,
Oncorhynchus nerka HECATE STRAIT-Q.C. SOUND: E Hadai Gwaii,,0,Increasing,lc, ACTINOPTERYGII,
"Oncorhynchus nerka FRASER RIVER, LOWER: Chilliwack Lk (early summer)",Marine Neritic,0,Decreasing,dd, ACTINOPTERYGII,
"Oncorhynchus nerka FRASER RIVER, LOWER: Cultus Lk (late)",Wetlands (inland),5,Decreasing,en, ACTINOPTERYGII,
"Oncorhynchus nerka FRASER RIVER, LOWER: Harrison River (late)",Wetlands (inland),0,Increasing,lc, ACTINOPTERYGII,
"Oncorhynchus nerka FRASER RIVER, LOWER: Weaver (late)",,0,Increasing,lc, ACTINOPTERYGII,
"Oncorhynchus nerka FRASER RIVER, LOWER: Big Silver (late)",Marine Neritic,1,Stable,lc, CHONDRICHTHYES,
"Oncorhynchus nerka FRASER RIVER, S THOMPSON: Shuswap (early summer)",Marine Oceanic,0,Increasing,lc, CHONDRICHTHYES,7
"Oncorhynchus nerka FRASER RIVER, S THOMPSON: Shuswap, Kamloops (late)",Marine Deep Benthic,0,Increasing,lc, CHONDRICHTHYES,9
"Oncorhynchus nerka FRASER RIVER, MIDDLE: Nahatlatch (early summer)",Marine Neritic,0,Decreasing,en, ACTINOPTERYGII,7
"Oncorhynchus nerka FRASER RIVER, MIDDLE: Taseko (early summer)",Marine Oceanic,0,Decreasing,dd, ACTINOPTERYGII,
"Oncorhynchus nerka FRASER RIVER, MIDDLE: Chilko (early summer)",Marine Neritic,0,Decreasing,dd, ACTINOPTERYGII,23
"Oncorhynchus nerka FRASER RIVER, MIDDLE: Chilko (summer)",Marine Oceanic,0,Decreasing,en, ACTINOPTERYGII,16.5
"Oncorhynchus nerka FRASER RIVER, MIDDLE: Quesnel (summer)",,3,Decreasing,lc, AVES,3.1
"Oncorhynchus nerka FRASER RIVER, MIDDLE: Nechako (summer)",Marine Neritic,1,Decreasing,lc, ACTINOPTERYGII,
"Oncorhynchus nerka FRASER RIVER, MIDDLE: Stuart (early Stuart)",Marine Neritic,1,Decreasing,en, CHONDRICHTHYES,16.5
"Oncorhynchus nerka FRASER RIVER, MIDDLE: Stuart (summer)",Wetlands (inland),2,Decreasing,en, ACTINOPTERYGII,
Oncorhynchus nerka OUTER ISLANDS: NW Vancouver Island,Marine Neritic,1,Increasing,dd, ACTINOPTERYGII,
Oncorhynchus nerka OUTER ISLANDS: W Hadai Gwaii,Marine Neritic,1,Increasing,lc, ACTINOPTERYGII,
Gulf Sturgeon,Marine Neritic,1,Decreasing,en, ACTINOPTERYGII,
Slender Searobin,,2,Stable,lc, ACTINOPTERYGII,
Armored Searobin,Marine Neritic,1,Stable,lc, ACTINOPTERYGII,15
Black Snake Mackerel,,1,Stable,lc, ACTINOPTERYGII,
Arrowhead Dogfish,Marine Oceanic,0,Decreasing,nt, ACTINOPTERYGII,
Blackhead Salmon,Marine Neritic,0,Stable,lc, ACTINOPTERYGII,
Curlfin Sole,Marine Neritic,1,Stable,lc, CHONDRICHTHYES,
Keeltail Needlefish,,1,Stable,lc, CHONDRICHTHYES,
Atlantic Sturgeon,Marine Neritic,2,Increasing,vu, ACTINOPTERYGII,15
Wingfin Stingray,,2,Decreasing,cr, ACTINOPTERYGII,10.5
Broadgill Catshark,Marine Neritic,1,Stable,lc, CHONDRICHTHYES,
Atlantic Longnose Chimaera,Marine Oceanic,1,Stable,lc, CHONDRICHTHYES,16
Mosaic Gulper Shark,Marine Deep Benthic,0,Decreasing,en, CHONDRICHTHYES,
Blotched Catshark,Marine Neritic,1,Stable,lc, CHONDRICHTHYES,
Chain Catshark,Marine Deep Benthic,1,Stable,lc, CHONDRICHTHYES,
Venezuelan Round Ray,Marine Deep Benthic,1,Decreasing,en, CHONDRICHTHYES,
Boa Catshark,Marine Deep Benthic,1,Stable,lc, CHONDRICHTHYES,
Narrowtail Catshark,,0,Stable,lc, ACTINOPTERYGII,
Northern Rock Sole,,1,Stable,lc, ACTINOPTERYGII,
Pacific Angel Shark,Marine Oceanic,1,Decreasing,nt, CHONDRICHTHYES,
Slender Bristlemouth,Marine Oceanic,0,Stable,lc, ACTINOPTERYGII,
Shortfin Mako,Marine Neritic,1,Decreasing,en, ACTINOPTERYGII,
Whitesaddled Catshark,Marine Oceanic,1,Stable,lc, CHONDRICHTHYES,
Velvet Dogfish,Marine Neritic,1,Stable,lc, CHONDRICHTHYES,7.4
Scamp,,0,Stable,dd, CHONDRICHTHYES,
Tautoga onitis,Marine Neritic,1,Decreasing,vu, CHONDRICHTHYES,
Antarctic Silverfish,Marine Neritic,1,Stable,lc, CHONDRICHTHYES,13
Dwarf Atlantic Saury,Marine Oceanic,1,Stable,lc, CHONDRICHTHYES,14
Arctic Fox,Marine Deep Benthic,1,Stable,lc, ACTINOPTERYGII,
Banded Drum,,0,Stable,lc, ACTINOPTERYGII,
Colombian Dwarf Numbfish,Marine Neritic,1,Decreasing,vu, ACTINOPTERYGII,5.5
Kamchatka Flounder,Marine Neritic,1,Increasing,lc, ACTINOPTERYGII,
Yellowfin Sole,Marine Neritic,0,Decreasing,lc, ACTINOPTERYGII,20
Sakhalin Sole,,2,Increasing,lc, ACTINOPTERYGII,
Pacific Dover Sole,Wetlands (inland),0,Stable,lc, ACTINOPTERYGII,
South Georgia Diving-petrel,,0,Decreasing,lc, ACTINOPTERYGII,
Slender Sole,,3,Stable,lc, ACTINOPTERYGII,3.5
Pacific Sanddab,Wetlands (inland),3,Increasing,lc, ACTINOPTERYGII,55.4
Pacific Chub Mackerel,Wetlands (inland),0,Stable,lc, ACTINOPTERYGII,
Pacific Sleeper Shark,,0,Decreasing,nt, ACTINOPTERYGII,
Freckled Guitarfish,,0,Decreasing,vu, ACTINOPTERYGII,
Gulper Shark,,0,Decreasing,en, ACTINOPTERYGII,
Smooth Butterfly Ray,,0,Decreasing,nt, ACTINOPTERYGII,
Shortfin Mako,,0,Decreasing,vu, ACTINOPTERYGII,
Grass Porgy,,0,Stable,lc, ACTINOPTERYGII,62
Dusky Damselfish,Wetlands (inland),0,Stable,lc, ACTINOPTERYGII,
Serra Spanish Mackerel,,0,Decreasing,lc, ACTINOPTERYGII,
Topsmelt Silverside,Wetlands (inland),0,Stable,lc, ACTINOPTERYGII,9.3
Small Scaled Brown Slickhead,Wetlands (inland),0,Stable,lc, ACTINOPTERYGII,
Fourwing Flyingfish,Wetlands (inland),0,Stable,lc, ACTINOPTERYGII,
Diaphus dumerilii,,3,Stable,dd, ACTINOPTERYGII,12.5
David's Angelshark,,0,Decreasing,nt, ACTINOPTERYGII,
Bent-tooth Bristlemouth,Wetlands (inland),0,Stable,lc, ACTINOPTERYGII,
Shortnose Sturgeon,Wetlands (inland),2,Stable,vu, ACTINOPTERYGII,
Longnose Stingray,Wetlands (inland),0,Decreasing,nt, ACTINOPTERYGII,21.2
Venezuelan Dwarf Numbfish,Wetlands (inland),0,Decreasing,vu, ACTINOPTERYGII,
Rex Sole,Wetlands (inland),2,Stable,lc, ACTINOPTERYGII,14.3
Flathead Sole,,3,Stable,lc, ACTINOPTERYGII,
Bering Flounder,Wetlands (inland),0,Stable,lc, ACTINOPTERYGII,
Pacific Halibut,,0,Stable,lc, ACTINOPTERYGII,17
Crocodile Shark,Wetlands (inland),7,Increasing,lc, ACTINOPTERYGII,18
Small-crested Angelshark,Marine Neritic,0,Stable,lc, ACTINOPTERYGII,8.5
Fringefin Lanternshark,Marine Deep Benthic,1,Stable,lc, ACTINOPTERYGII,9
Sheepshead,Marine Neritic,0,Stable,lc, ACTINOPTERYGII,
Barred Cardinalfish,Marine Deep Benthic,1,Stable,lc, CHONDRICHTHYES,
Bathycongrus dubius,Marine Oceanic,0,Stable,lc, ACTINOPTERYGII,
Southern Eagle Ray,Marine Neritic,0,Decreasing,vu, ACTINOPTERYGII,
Atlantic Finless Skate,,1,Stable,lc, ACTINOPTERYGII,
Speckled Hind,Wetlands (inland),5,Decreasing,dd, ACTINOPTERYGII,
One-striped Poison-fang Blenny,Marine Neritic,1,Stable,lc, CHONDRICHTHYES,
Striped Cusk-eel,Marine Deep Benthic,0,Stable,lc, CHONDRICHTHYES,
Stripefin Brotula,,1,Stable,lc, CHONDRICHTHYES,60
Banded Jawfish,,1,Stable,lc, CHONDRICHTHYES,
Marblecheek Sleeper,,0,Increasing,lc, CHONDRICHTHYES,5
Atlantc Sailfin Flyingfish,Marine Neritic,1,Stable,lc, CHONDRICHTHYES,
Striated Frogfish,Marine Neritic,1,Stable,lc, CHONDRICHTHYES,
Cuban Ribbontail Catshark,,1,Stable,lc, CHONDRICHTHYES,
Roughtail Catshark,,0,Stable,lc, CHONDRICHTHYES,19
American Eel,,1,Stable,en, ACTINOPTERYGII,8
Alaska Plaice,Marine Neritic,1,Stable,lc, CHONDRICHTHYES,25
Bigeye Tuna,Marine Oceanic,0,Decreasing,vu, ACTINOPTERYGII,
Subantarctic Fur Seal,Marine Oceanic,1,Stable,lc, CHONDRICHTHYES,
Mottled Mojarra,,0,Stable,lc, CHONDRICHTHYES,
Brazilian Sharpnose Shark,Marine Oceanic,1,Decreasing,vu, CHONDRICHTHYES,7.65
Broadbanded Lanternshark,Marine Neritic,1,Stable,lc, ACTINOPTERYGII,
Caribbean Numbfish,Marine Neritic,2,Stable,lc, ACTINOPTERYGII,16.5
Comb Grouper,Marine Neritic,0,Stable,lc, ACTINOPTERYGII,
Shortnose Sturgeon,Marine Oceanic,0,Stable,vu, ACTINOPTERYGII,
Atractoscion nobilis,Grassland,2,Stable,lc, MAMMALIA,3
Dwarf Catshark,,0,Stable,lc, ACTINOPTERYGII,
Bullnose Eagle Ray,Marine Neritic,1,Decreasing,vu, CHONDRICHTHYES,
Painted Dwarf Numbfish,,0,Decreasing,vu, ACTINOPTERYGII,
Smalleye Smoothhound,Marine Neritic,2,Decreasing,en, ACTINOPTERYGII,
Bermuda Blue Angelfish,Marine Neritic,0,Stable,lc, ACTINOPTERYGII,
Spotted Whiff,Marine Neritic,0,Stable,lc, ACTINOPTERYGII,
Crested Cusk-eel,Rocky areas (eg. inland cliffs,2,Stable,lc, AVES,
Large-scaled Spinycheek Sleeper,Marine Neritic,0,Stable,lc, ACTINOPTERYGII,
Northern Kingcroaker,,0,Stable,lc, ACTINOPTERYGII,
Hogfish,,1,Decreasing,vu, ACTINOPTERYGII,
Bicolored Bristlemouth,Marine Neritic,1,Stable,lc, CHONDRICHTHYES,
Cuban Dogfish,,3,Increasing,lc, CHONDRICHTHYES,
Sockeye Salmon,Marine Deep Benthic,1,Increasing,lc, CHONDRICHTHYES,
Sockeye Salmon,Marine Neritic,1,Decreasing,cr, CHONDRICHTHYES,
Sockeye Salmon,,2,Stable,lc, CHONDRICHTHYES,
Sockeye Salmon,Marine Neritic,2,Increasing,lc, ACTINOPTERYGII,
Sockeye Salmon,Marine Neritic,0,Stable,lc, ACTINOPTERYGII,
Sockeye Salmon,,1,Decreasing,en, ACTINOPTERYGII,
Sockeye Salmon,Marine Neritic,0,Increasing,nt, ACTINOPTERYGII,
Sockeye Salmon,,0,Increasing,lc, ACTINOPTERYGII,
Sockeye Salmon,,1,Increasing,lc, ACTINOPTERYGII,
Sockeye Salmon,Marine Oceanic,1,Decreasing,en, ACTINOPTERYGII,
Sockeye Salmon,Marine Neritic,1,Decreasing,vu, CHONDRICHTHYES,
Sockeye Salmon,Marine Oceanic,0,Stable,lc, ACTINOPTERYGII,
Sockeye Salmon,Wetlands (inland),6,Decreasing,en, ACTINOPTERYGII,
Sockeye Salmon,,1,Increasing,lc, CHONDRICHTHYES,
Sockeye Salmon,Marine Neritic,1,Decreasing,cr, CHONDRICHTHYES,
Sockeye Salmon,Marine Neritic,0,Increasing,lc, ACTINOPTERYGII,
Sockeye Salmon,Marine Neritic,0,Stable,lc, ACTINOPTERYGII,
Sockeye Salmon,Marine Neritic,1,Decreasing,en, ACTINOPTERYGII,
Sockeye Salmon,Marine Neritic,2,Decreasing,vu, ACTINOPTERYGII,
Sockeye Salmon,Marine Oceanic,1,Decreasing,lc, CHONDRICHTHYES,43.4
Sockeye Salmon,Marine Deep Benthic,0,Increasing,lc, CHONDRICHTHYES,
Sockeye Salmon,Marine Oceanic,1,Increasing,nt, CHONDRICHTHYES,
Sockeye Salmon,Marine Neritic,1,Stable,lc, ACTINOPTERYGII,
Sockeye Salmon,Marine Neritic,1,Increasing,lc, ACTINOPTERYGII,
Sockeye Salmon,,0,Increasing,lc, ACTINOPTERYGII,
Sockeye Salmon,,1,Increasing,dd, CHONDRICHTHYES,
Sockeye Salmon,Marine Deep Benthic,0,Decreasing,cr, CHONDRICHTHYES,
Sockeye Salmon,Marine Neritic,1,Increasing,lc, ACTINOPTERYGII,55.4
Sockeye Salmon,Marine Neritic,0,Stable,lc, ACTINOPTERYGII,
Sockeye Salmon,Marine Neritic,0,Increasing,lc, ACTINOPTERYGII,
Sockeye Salmon,,0,Decreasing,en, ACTINOPTERYGII,
Sockeye Salmon,,0,Stable,lc, ACTINOPTERYGII,27.8
Sockeye Salmon,,0,Decreasing,lc, ACTINOPTERYGII,
Sockeye Salmon,,0,Stable,lc, ACTINOPTERYGII,
Sockeye Salmon,,0,Stable,lc, ACTINOPTERYGII,
Sockeye Salmon,Marine Deep Benthic,1,Increasing,lc, CHONDRICHTHYES,
Sockeye Salmon,Marine Oceanic,0,Stable,lc, CHONDRICHTHYES,
Black Grunt,,0,Decreasing,lc, ACTINOPTERYGII,
Southern Stargazer,,0,Stable,lc, ACTINOPTERYGII,14.35
Channel Scabbardfish,,1,Stable,lc, ACTINOPTERYGII,
Cayenne Pompano,,3,Stable,lc, MAMMALIA,24.5
Atlantic Angelshark,,0,Increasing,lc, ACTINOPTERYGII,
Silver Seatrout,Marine Neritic,1,Stable,lc, CHONDRICHTHYES,
Sharpnose Sevengill Shark,Marine Oceanic,1,Decreasing,nt, CHONDRICHTHYES,16.5
Broadnose Sevengill Shark,Marine Neritic,1,Decreasing,vu, CHONDRICHTHYES,15
Gag,Marine Neritic,1,Decreasing,vu, ACTINOPTERYGII,
Inland Silverside,,9,Stable,lc, ACTINOPTERYGII,
Horned Whiff,Marine Neritic,2,Stable,lc, ACTINOPTERYGII,
Twospot Brotula,Marine Deep Benthic,0,Stable,lc, CHONDRICHTHYES,
Trinectes maculatus,,1,Stable,lc, CHONDRICHTHYES,4.5
Greenland Halibut,Marine Neritic,1,Decreasing,nt, CHONDRICHTHYES,19
Atlantic Sixgill Shark,Marine Neritic,1,Stable,lc, CHONDRICHTHYES,19
Atlantic Pygmy Devil Ray,Marine Neritic,1,Decreasing,en, ACTINOPTERYGII,13
Striped Marlin,Marine Neritic,0,Decreasing,lc, ACTINOPTERYGII,24
Dusky Cardinalfish,,0,Stable,lc, ACTINOPTERYGII,11.4
Atlantic Nurse Shark,Marine Neritic,5,Decreasing,vu, ACTINOPTERYGII,
Sockeye Salmon,Marine Neritic,1,Increasing,lc, ACTINOPTERYGII,5.1
Pompano Dolphinfish,Marine Neritic,1,Stable,lc, ACTINOPTERYGII,5
Pinfish,Marine Oceanic,0,Stable,lc, ACTINOPTERYGII,
Duskytail Grouper,,2,Decreasing,dd, CHONDRICHTHYES,6
Snowy Grouper,Wetlands (inland),0,Decreasing,vu, ACTINOPTERYGII,27.75
Robust Silverside,Wetlands (inland),4,Stable,lc, ACTINOPTERYGII,
Pilotfish,Wetlands (inland),0,Stable,lc, ACTINOPTERYGII,
Smalleye Hammerhead,Wetlands (inland),0,Decreasing,cr, ACTINOPTERYGII,
Hardhead Sea Catfish,Wetlands (inland),0,Stable,lc, ACTINOPTERYGII,
Graysby,Wetlands (inland),5,Stable,lc, ACTINOPTERYGII,
Southern Flounder,,4,Decreasing,nt, ACTINOPTERYGII,
Fat Sleeper,,0,Stable,lc, ACTINOPTERYGII,
Red Drum,,0,Stable,lc, ACTINOPTERYGII,
Ocean Triggerfish,Wetlands (inland),3,Stable,lc, ACTINOPTERYGII,
Summer Flounder,Wetlands (inland),3,Decreasing,lc, ACTINOPTERYGII,23
Grey Cutthroat Eel,,0,Stable,lc, ACTINOPTERYGII,
Smalltooth Sandtiger,Wetlands (inland),4,Decreasing,vu, ACTINOPTERYGII,25.4
White Sturgeon,,0,Stable,vu, ACTINOPTERYGII,10.5
Cubera Snapper,Wetlands (inland),3,Decreasing,vu, ACTINOPTERYGII,4.5
Bay Anchovy,Wetlands (inland),0,Stable,lc, ACTINOPTERYGII,11.5
North Pacific Spiny Dogfish,Wetlands (inland),0,Stable,lc, ACTINOPTERYGII,14.5
Ocellated Flounder,Wetlands (inland),3,Stable,lc, ACTINOPTERYGII,14
Blackfin Goosefish,Wetlands (inland),5,Decreasing,lc, ACTINOPTERYGII,19
White Sturgeon,Wetlands (inland),0,Decreasing,vu, ACTINOPTERYGII,9
Slender Suckerfish,,0,Stable,lc, ACTINOPTERYGII,
Whalesucker,,4,Stable,lc, ACTINOPTERYGII,
Yellowtail Snapper,Wetlands (inland),0,Decreasing,dd, ACTINOPTERYGII,4.5
Chola Guitarfish,Wetlands (inland),0,Decreasing,en, ACTINOPTERYGII,
Bay Whiff,,0,Stable,lc, ACTINOPTERYGII,
Dwarf Sand Perch,Wetlands (inland),0,Stable,lc, ACTINOPTERYGII,14.5
Speckled Seatrout,Wetlands (inland),3,Increasing,lc, ACTINOPTERYGII,
Bigeyed Sixgill Shark,Wetlands (inland),0,Decreasing,nt, ACTINOPTERYGII,37
Sergeant-major,Wetlands (inland),0,Stable,lc, ACTINOPTERYGII,
Rock Hind,Wetlands (inland),0,Stable,lc, ACTINOPTERYGII,
Atlantic Silverside,Wetlands (inland),2,Stable,lc, ACTINOPTERYGII,
North Pacific Harbor Seal,Wetlands (inland),0,Increasing,lc, ACTINOPTERYGII,
Yellowfin Tuna,Wetlands (inland),0,Decreasing,lc, ACTINOPTERYGII,
